antiguedad_meses,plan,horas_vistas_mes_pasado,perfiles_activos,genero_favorito,dispositivo_principal,usa_descargas_offline,dias_desde_ultima_sesion,cambios_plan_ultimo_anio,churn_30d,horas_proximo_mes
27,estandar,37.0,2,documental,pc,False,3,1,0,34.0
2,basico,6.9,1,anime,celular,True,6,0,1,3.3
40,premium,45.8,4,comedia,smart_tv,True,8,0,0,33.8
27,estandar,23.2,1,accion,celular,True,0,0,0,30.0
46,estandar_con_anuncios,17.7,1,reality,smart_tv,False,1,0,0,16.0
37,premium,9.7,2,accion,pc,False,3,3,0,12.5
47,estandar,22.0,2,kids,celular,False,6,0,0,20.3
28,estandar,59.3,1,accion,smart_tv,True,3,3,0,49.4
1,estandar_con_anuncios,30.5,1,drama,smart_tv,False,13,0,0,37.7
8,basico,45.5,1,kids,pc,True,5,0,0,44.9
28,basico,48.1,2,drama,smart_tv,False,1,2,0,47.5
24,premium,57.1,5,drama,consola,True,6,2,0,43.9
47,estandar,32.1,2,documental,pc,True,4,0,0,29.5
25,premium,31.5,4,kids,celular,True,2,1,0,33.9
51,basico,46.5,1,reality,smart_tv,True,0,2,0,35.6
12,estandar_con_anuncios,20.0,2,comedia,celular,False,0,1,0,18.1
23,estandar,74.3,2,drama,tablet,False,0,0,0,68.7
45,estandar_con_anuncios,16.3,1,anime,smart_tv,False,2,0,0,16.5
8,premium,75.3,3,drama,smart_tv,True,4,0,0,95.4
19,estandar,34.2,3,drama,smart_tv,False,7,0,0,32.4
45,estandar,58.8,2,comedia,smart_tv,True,0,0,0,51.5
35,basico,53.4,1,accion,celular,False,0,0,0,79.8
46,premium,33.5,2,reality,celular,False,1,0,0,30.9
31,premium,40.3,3,kids,celular,True,5,0,0,38.9
51,estandar,23.8,3,kids,smart_tv,False,0,0,0,22.3
52,estandar_con_anuncios,3.9,2,drama,smart_tv,False,5,0,1,6.4
58,basico,39.8,2,comedia,smart_tv,True,5,0,0,40.4
8,estandar_con_anuncios,15.7,2,accion,consola,False,6,0,0,18.3
35,estandar_con_anuncios,21.7,2,drama,celular,False,1,1,0,23.3
7,estandar,43.9,1,comedia,smart_tv,False,2,0,0,52.4
14,estandar,8.3,3,comedia,pc,False,3,0,0,9.9
18,premium,65.8,1,drama,smart_tv,False,25,0,1,3.7
39,basico,23.0,1,accion,smart_tv,False,1,0,0,24.6
26,basico,35.2,2,kids,smart_tv,False,3,0,0,42.2
52,basico,38.6,1,drama,tablet,True,10,0,0,30.9
18,estandar_con_anuncios,40.1,1,accion,celular,False,2,0,0,58.1
37,estandar_con_anuncios,19.5,1,kids,celular,False,2,1,1,4.1
46,basico,0.0,2,kids,smart_tv,False,1,0,0,0.0
58,estandar_con_anuncios,23.7,1,reality,smart_tv,False,3,0,0,18.5
15,estandar,39.3,3,accion,celular,False,1,0,0,30.9
44,basico,13.2,1,reality,smart_tv,True,2,0,0,15.5
6,premium,47.7,5,comedia,consola,True,1,0,0,67.2
33,estandar,32.3,2,comedia,pc,False,6,1,0,29.0
25,basico,6.9,2,drama,smart_tv,True,2,0,0,7.3
57,premium,59.8,3,accion,celular,False,1,0,0,62.2
46,premium,40.4,5,comedia,tablet,True,3,0,0,47.7
55,basico,23.5,2,comedia,celular,True,2,0,0,32.9
51,estandar_con_anuncios,15.3,2,kids,celular,False,1,1,0,19.5
25,estandar,55.6,1,comedia,consola,False,0,0,1,3.2
44,estandar_con_anuncios,21.1,2,comedia,smart_tv,False,4,0,0,23.1
2,estandar_con_anuncios,19.4,2,drama,consola,False,8,0,0,21.6
33,estandar_con_anuncios,14.1,1,accion,smart_tv,False,0,1,0,14.0
3,estandar,42.2,3,comedia,celular,False,1,0,0,33.9
43,estandar,58.8,1,comedia,pc,False,3,2,0,50.3
58,estandar,49.6,3,comedia,celular,True,0,3,0,59.9
41,estandar,48.7,1,kids,celular,False,0,1,0,59.7
50,basico,38.3,1,anime,celular,True,0,0,0,36.9
14,estandar,15.5,3,accion,smart_tv,True,0,1,0,16.2
59,estandar_con_anuncios,9.8,2,documental,smart_tv,False,0,0,0,11.9
33,estandar_con_anuncios,17.7,2,reality,smart_tv,False,1,2,0,12.3
40,estandar,27.4,2,anime,celular,True,5,0,0,25.2
46,basico,12.9,1,documental,smart_tv,True,5,0,0,17.6
38,estandar,10.1,1,reality,smart_tv,False,2,0,0,10.6
19,estandar,16.4,2,reality,consola,False,6,1,1,1.9
37,estandar,34.2,1,kids,smart_tv,False,2,2,0,34.9
39,estandar,37.2,1,accion,smart_tv,True,0,0,0,44.0
51,estandar,27.4,1,drama,smart_tv,False,2,0,1,5.2
29,basico,28.6,1,drama,smart_tv,False,2,1,0,29.5
30,estandar_con_anuncios,14.0,2,accion,celular,False,2,1,0,13.1
30,basico,43.9,2,accion,smart_tv,True,3,1,0,30.9
7,estandar_con_anuncios,16.2,1,comedia,smart_tv,False,1,0,1,1.8
6,basico,35.9,2,accion,tablet,False,5,0,0,35.0
2,premium,48.2,1,accion,pc,False,4,1,0,48.0
40,estandar_con_anuncios,0.3,1,reality,celular,False,0,0,1,1.7
25,estandar_con_anuncios,18.7,2,drama,consola,False,8,0,0,15.3
52,estandar_con_anuncios,3.8,2,comedia,consola,False,1,0,0,2.8
42,estandar_con_anuncios,19.9,2,kids,smart_tv,False,6,0,0,17.4
9,estandar,24.6,1,reality,celular,False,2,1,0,28.4
6,estandar,41.2,3,anime,celular,True,0,0,0,42.9
22,estandar,16.7,2,reality,smart_tv,True,0,0,0,16.5
55,estandar,39.8,2,reality,smart_tv,False,11,0,0,32.4
3,basico,33.8,1,comedia,smart_tv,True,2,2,1,2.5
12,premium,59.6,4,comedia,celular,False,5,1,0,67.5
2,estandar_con_anuncios,6.7,1,comedia,pc,False,2,0,1,5.5
25,estandar_con_anuncios,20.3,1,documental,pc,False,1,1,0,18.6
59,estandar_con_anuncios,25.7,2,anime,smart_tv,False,9,0,0,13.6
41,estandar,61.6,3,comedia,smart_tv,False,1,1,0,54.1
30,basico,5.3,2,accion,celular,False,4,1,0,4.8
9,estandar_con_anuncios,5.1,1,comedia,celular,False,0,0,0,4.3
21,estandar,78.8,2,drama,consola,True,1,3,0,72.9
31,estandar_con_anuncios,16.5,1,drama,consola,False,13,0,0,18.9
17,estandar,8.1,2,drama,consola,False,7,0,0,8.0
42,basico,19.8,2,anime,consola,False,13,0,0,23.3
58,basico,0.0,2,comedia,tablet,False,11,1,0,0.0
13,basico,29.7,2,reality,celular,True,5,0,0,28.1
15,estandar,48.4,1,kids,smart_tv,False,6,0,0,31.5
8,basico,12.0,1,drama,smart_tv,True,9,0,0,11.1
43,estandar_con_anuncios,14.5,2,drama,smart_tv,False,1,3,0,11.8
28,estandar_con_anuncios,34.2,2,reality,smart_tv,False,0,0,0,42.1
17,premium,20.2,1,comedia,smart_tv,True,0,0,0,21.7
13,premium,26.3,4,reality,tablet,True,3,0,0,31.1
5,estandar,32.0,2,drama,smart_tv,False,0,1,0,29.5
29,estandar_con_anuncios,9.1,1,documental,tablet,False,2,0,0,7.4
41,premium,44.0,4,reality,pc,False,1,0,0,35.7
14,estandar,17.2,1,comedia,celular,False,4,2,0,18.0
1,estandar,38.3,3,comedia,celular,False,0,0,0,50.8
28,basico,25.1,2,anime,smart_tv,True,4,0,0,27.0
40,estandar_con_anuncios,29.6,1,comedia,celular,False,0,2,0,27.6
21,estandar_con_anuncios,22.8,1,accion,smart_tv,False,1,0,0,22.0
15,premium,49.4,1,accion,tablet,True,4,0,0,49.1
10,basico,4.1,1,comedia,smart_tv,True,0,0,1,1.9
45,estandar_con_anuncios,29.1,2,kids,smart_tv,False,7,1,1,0.0
51,basico,24.3,2,kids,celular,False,11,2,1,0.4
46,estandar,36.3,1,comedia,celular,False,1,0,0,37.0
31,estandar_con_anuncios,36.3,1,reality,celular,False,4,0,0,38.3
43,premium,37.8,2,drama,celular,True,0,0,0,41.2
24,estandar,57.3,1,drama,smart_tv,False,9,0,0,53.0
2,estandar,56.8,3,accion,celular,False,0,0,0,48.2
22,basico,38.1,2,anime,smart_tv,True,11,0,0,45.2
42,estandar,23.8,3,drama,smart_tv,False,2,0,0,23.9
39,estandar,5.5,3,drama,smart_tv,False,0,1,1,0.4
59,estandar,56.1,2,accion,smart_tv,True,1,0,0,72.7
59,estandar_con_anuncios,24.6,2,reality,smart_tv,False,10,0,1,2.7
15,basico,15.1,1,drama,celular,True,2,0,0,16.1
1,estandar_con_anuncios,35.7,1,comedia,smart_tv,False,7,0,1,0.7
17,basico,13.5,1,kids,smart_tv,True,3,0,0,14.0
52,basico,23.0,1,comedia,celular,True,6,0,0,18.5
48,estandar_con_anuncios,29.9,1,drama,smart_tv,False,1,0,0,28.4
6,estandar_con_anuncios,1.8,2,drama,celular,False,2,0,1,2.2
10,estandar,34.2,1,comedia,tablet,False,3,1,1,1.2
34,estandar_con_anuncios,37.2,1,accion,smart_tv,False,2,1,0,32.2
39,premium,51.4,2,reality,consola,True,2,1,0,61.6
58,estandar,58.5,1,documental,smart_tv,True,10,0,0,55.6
45,basico,45.8,2,kids,smart_tv,False,9,2,0,44.9
13,estandar,36.2,3,anime,celular,True,3,0,0,43.2
3,estandar_con_anuncios,0.0,1,comedia,pc,False,0,0,0,0.0
38,premium,31.6,1,comedia,pc,False,0,0,0,23.2
33,basico,39.2,1,anime,smart_tv,False,3,0,0,29.4
55,estandar,16.3,2,comedia,pc,False,0,0,0,18.0
34,estandar_con_anuncios,15.9,2,kids,smart_tv,False,1,0,1,2.3
30,basico,32.6,1,kids,smart_tv,False,2,1,0,28.5
18,basico,48.5,2,drama,smart_tv,True,2,0,0,38.4
6,premium,36.9,4,accion,tablet,True,2,1,0,35.1
52,estandar,29.7,1,drama,smart_tv,True,0,1,0,35.7
49,basico,28.3,1,drama,pc,False,0,0,0,24.0
10,estandar_con_anuncios,24.1,1,accion,celular,False,7,0,1,3.0
42,basico,26.2,1,comedia,celular,True,2,0,0,20.6
22,estandar,52.6,1,kids,celular,False,14,0,0,49.1
26,basico,15.2,2,reality,consola,True,0,3,0,16.1
51,estandar_con_anuncios,24.1,2,reality,smart_tv,False,4,1,1,3.6
50,premium,55.8,3,comedia,smart_tv,True,1,1,0,58.0
12,premium,40.0,1,comedia,celular,True,1,0,0,39.6
19,estandar_con_anuncios,32.2,2,comedia,smart_tv,False,9,1,0,37.2
49,estandar,41.3,2,drama,smart_tv,True,18,1,0,46.5
55,estandar_con_anuncios,34.4,2,anime,smart_tv,False,9,0,0,30.8
5,estandar,38.3,2,comedia,smart_tv,False,12,0,0,54.2
50,estandar_con_anuncios,27.8,2,comedia,smart_tv,False,4,0,0,27.7
29,estandar,27.9,1,reality,smart_tv,False,9,0,0,29.1
35,estandar,28.5,1,comedia,consola,False,0,2,1,6.6
5,estandar,53.8,3,drama,smart_tv,False,3,0,0,57.1
41,estandar_con_anuncios,30.9,2,drama,tablet,False,2,0,0,39.4
40,premium,33.0,4,documental,tablet,True,1,2,0,29.5
40,estandar_con_anuncios,24.0,2,kids,smart_tv,False,1,0,0,27.4
47,estandar_con_anuncios,0.0,2,drama,celular,False,3,0,0,0.0
56,estandar,31.1,1,reality,celular,True,0,2,0,36.6
51,basico,43.7,1,reality,celular,True,3,2,0,42.0
44,premium,46.8,3,reality,smart_tv,True,0,1,0,43.8
58,premium,51.6,1,comedia,smart_tv,True,0,0,0,58.4
40,basico,0.0,1,drama,smart_tv,False,3,2,0,0.0
40,premium,42.4,2,reality,celular,True,1,1,0,36.1
32,estandar_con_anuncios,25.7,2,comedia,tablet,False,17,1,1,1.1
46,estandar,45.8,3,documental,celular,False,3,0,0,51.8
5,estandar_con_anuncios,32.9,1,kids,celular,False,3,0,0,32.5
30,premium,44.3,4,drama,tablet,False,0,1,0,40.6
26,estandar_con_anuncios,17.7,1,kids,celular,False,10,1,0,18.9
54,estandar_con_anuncios,2.5,2,anime,smart_tv,False,2,0,0,2.8
5,basico,22.3,1,kids,consola,True,0,0,0,15.9
38,premium,29.2,5,accion,smart_tv,False,1,1,0,31.2
11,premium,18.2,2,reality,smart_tv,True,7,0,0,20.3
53,estandar,23.1,3,accion,celular,True,13,0,0,13.3
51,premium,71.9,5,kids,tablet,True,3,0,0,74.4
14,premium,42.1,2,reality,smart_tv,True,0,0,0,47.4
52,estandar,42.6,1,kids,celular,False,0,1,0,47.1
30,basico,19.8,2,comedia,smart_tv,True,0,0,0,22.7
58,estandar,13.0,1,drama,smart_tv,False,2,0,0,12.2
44,estandar,52.7,2,comedia,smart_tv,True,11,2,0,42.8
3,basico,0.0,1,accion,celular,False,5,1,0,0.0
12,estandar_con_anuncios,10.7,1,accion,consola,False,1,0,0,12.8
24,estandar,36.2,1,accion,smart_tv,False,3,0,0,40.8
13,estandar_con_anuncios,22.5,2,comedia,smart_tv,False,2,1,0,27.2
8,premium,34.8,2,kids,smart_tv,True,2,0,0,30.3
58,estandar_con_anuncios,0.0,1,reality,smart_tv,False,4,0,0,0.0
52,estandar_con_anuncios,10.3,2,comedia,celular,False,0,0,0,7.5
26,premium,35.9,4,kids,celular,False,5,0,0,30.3
13,estandar_con_anuncios,7.5,1,documental,celular,False,14,1,0,7.7
11,estandar_con_anuncios,33.5,1,accion,smart_tv,False,0,0,0,37.5
55,estandar,21.4,1,drama,celular,True,4,0,0,27.9
20,premium,51.2,4,kids,smart_tv,True,4,0,0,49.0
1,estandar_con_anuncios,20.5,1,anime,smart_tv,False,0,0,1,0.2
24,basico,41.4,2,kids,tablet,False,3,0,0,34.6
27,estandar,35.3,2,reality,pc,True,1,1,0,30.9
37,premium,60.0,5,anime,consola,True,7,0,0,84.0
20,estandar,34.1,3,comedia,consola,True,6,0,0,38.7
55,estandar_con_anuncios,29.1,1,documental,celular,False,15,0,1,4.9
38,estandar_con_anuncios,0.0,2,accion,consola,False,3,1,0,0.0
59,estandar_con_anuncios,0.0,2,anime,smart_tv,False,0,0,1,3.7
22,estandar_con_anuncios,25.5,1,drama,smart_tv,False,0,2,0,28.7
39,estandar,44.7,3,comedia,smart_tv,True,0,1,0,40.6
22,estandar_con_anuncios,27.0,1,reality,smart_tv,False,1,0,1,3.6
42,estandar,30.6,2,comedia,smart_tv,True,7,1,0,26.9
44,estandar,61.0,3,kids,smart_tv,True,2,0,0,56.1
19,estandar,29.7,3,comedia,celular,False,0,2,0,30.0
56,estandar_con_anuncios,29.0,2,anime,pc,False,7,2,0,24.7
51,premium,58.2,3,reality,celular,True,8,0,1,3.7
53,estandar,65.2,1,comedia,smart_tv,False,0,0,0,68.5
13,estandar,31.3,1,kids,celular,False,3,0,0,30.3
43,estandar_con_anuncios,11.8,2,comedia,smart_tv,False,1,0,0,10.0
7,estandar_con_anuncios,0.0,1,documental,smart_tv,False,3,1,1,0.0
7,premium,68.9,2,documental,smart_tv,True,10,2,0,62.6
58,basico,36.2,1,reality,smart_tv,True,1,0,0,36.5
10,basico,32.6,1,drama,smart_tv,False,9,1,0,39.0
51,basico,76.0,1,comedia,pc,False,3,1,0,58.9
26,estandar,42.0,2,kids,pc,True,3,0,0,58.4
18,premium,27.0,1,accion,celular,False,3,0,0,26.6
5,estandar_con_anuncios,15.5,1,accion,smart_tv,False,3,1,1,2.7
40,premium,33.7,1,drama,pc,False,1,1,0,29.1
43,estandar_con_anuncios,15.6,1,comedia,celular,False,1,3,1,2.6
28,estandar,31.3,3,reality,smart_tv,True,8,0,0,30.6
48,estandar,30.2,2,drama,celular,False,1,0,0,28.1
20,estandar_con_anuncios,0.0,2,comedia,celular,False,11,0,0,0.0
33,estandar_con_anuncios,44.6,1,anime,smart_tv,False,1,0,0,42.4
17,basico,30.9,1,drama,smart_tv,True,3,0,0,33.2
35,premium,44.5,2,kids,celular,False,5,2,0,45.9
9,estandar,47.1,2,comedia,smart_tv,True,11,0,0,46.8
29,premium,54.5,2,reality,smart_tv,False,0,1,0,47.5
33,premium,51.9,4,kids,smart_tv,False,7,0,0,44.7
33,basico,38.0,1,reality,tablet,True,4,0,0,34.8
27,estandar,39.3,3,drama,smart_tv,True,2,1,0,42.6
38,estandar_con_anuncios,31.2,2,accion,smart_tv,False,2,1,0,34.9
31,estandar_con_anuncios,31.9,2,kids,smart_tv,False,0,0,0,36.5
17,premium,48.9,3,comedia,consola,True,0,2,0,48.9
13,estandar,32.8,1,comedia,celular,False,0,0,0,35.1
39,estandar_con_anuncios,44.2,1,drama,consola,False,1,0,0,42.9
56,estandar,32.5,2,anime,smart_tv,False,4,0,0,22.3
45,estandar,44.6,1,kids,smart_tv,True,4,1,0,42.9
38,premium,54.4,1,documental,celular,True,6,0,0,50.7
55,estandar,30.4,1,kids,smart_tv,False,7,1,0,24.7
54,basico,17.4,1,accion,pc,False,2,0,0,15.6
30,basico,22.2,1,accion,consola,True,13,0,0,22.7
7,basico,18.2,1,accion,celular,True,0,1,0,14.5
38,estandar,16.3,1,documental,tablet,False,5,0,0,14.2
37,premium,38.3,4,drama,celular,True,3,0,0,49.0
17,basico,30.4,2,reality,smart_tv,True,0,0,0,21.6
51,estandar_con_anuncios,41.2,1,reality,celular,False,8,0,0,39.8
52,estandar_con_anuncios,30.6,2,comedia,smart_tv,False,7,0,1,1.3
20,estandar,0.0,1,accion,pc,False,11,0,0,0.0
29,premium,57.0,1,drama,smart_tv,False,0,0,0,55.0
12,estandar_con_anuncios,10.6,2,anime,smart_tv,False,0,0,0,8.7
11,estandar_con_anuncios,25.7,2,reality,celular,False,2,0,0,28.4
16,estandar,36.1,1,anime,smart_tv,True,0,0,1,2.1
22,estandar_con_anuncios,16.9,2,comedia,smart_tv,False,2,0,1,2.2
17,premium,44.9,2,drama,celular,True,4,0,0,53.2
9,basico,25.4,2,drama,smart_tv,True,1,1,0,19.1
27,estandar_con_anuncios,40.4,2,drama,celular,False,4,0,0,38.6
37,premium,47.8,5,drama,smart_tv,True,1,0,0,51.8
20,estandar_con_anuncios,35.9,1,drama,smart_tv,False,1,0,0,41.5
32,estandar_con_anuncios,34.8,1,anime,smart_tv,False,12,0,0,45.8
17,estandar_con_anuncios,29.4,2,drama,pc,False,0,0,0,35.1
42,estandar_con_anuncios,0.0,2,drama,tablet,False,5,1,0,0.0
39,estandar_con_anuncios,38.0,2,reality,smart_tv,False,3,0,0,56.0
57,estandar_con_anuncios,15.9,2,accion,tablet,False,2,0,1,0.0
4,estandar_con_anuncios,29.1,2,kids,celular,False,1,2,0,27.6
51,estandar_con_anuncios,7.7,2,documental,celular,False,3,0,0,7.9
21,estandar,19.0,3,reality,celular,False,1,2,0,15.9
4,estandar,65.0,2,documental,celular,True,1,1,0,65.8
41,basico,14.1,1,accion,pc,False,1,0,0,9.7
11,basico,43.1,2,kids,celular,False,1,0,0,39.0
11,estandar,37.7,1,accion,celular,True,0,0,0,36.9
58,premium,43.5,2,comedia,smart_tv,False,16,2,0,50.9
14,premium,45.5,5,accion,smart_tv,True,1,0,0,54.6
33,estandar_con_anuncios,1.2,1,drama,celular,False,3,2,1,2.8
12,estandar_con_anuncios,18.8,2,kids,smart_tv,False,3,0,0,25.8
8,estandar_con_anuncios,2.4,1,comedia,smart_tv,False,0,0,1,2.8
1,estandar_con_anuncios,12.2,1,drama,smart_tv,False,13,0,1,4.2
1,estandar,49.0,3,comedia,smart_tv,False,1,0,1,4.6
28,basico,31.1,1,reality,celular,True,0,0,0,27.6
26,estandar_con_anuncios,0.0,2,comedia,celular,False,0,2,0,0.0
3,basico,38.0,1,kids,smart_tv,False,1,0,0,39.2
21,estandar,36.6,1,reality,smart_tv,False,2,2,0,37.3
17,estandar_con_anuncios,11.3,1,drama,smart_tv,False,1,3,0,11.8
34,premium,59.0,4,kids,smart_tv,True,0,0,0,43.7
59,estandar_con_anuncios,20.4,1,comedia,celular,False,0,0,0,20.0
41,premium,30.9,2,drama,celular,True,5,0,0,38.7
55,estandar_con_anuncios,50.3,2,kids,celular,False,6,0,0,60.1
12,premium,45.7,2,reality,celular,True,0,3,0,44.7
13,premium,44.9,2,comedia,tablet,True,3,2,0,57.5
45,premium,42.7,2,accion,pc,True,5,2,0,33.0
19,premium,64.3,4,comedia,celular,True,8,0,0,53.1
51,estandar,31.4,3,accion,celular,False,8,0,0,41.9
28,estandar,14.2,3,documental,smart_tv,False,2,0,0,15.7
12,estandar,25.8,3,documental,tablet,True,2,2,0,24.5
50,estandar_con_anuncios,42.1,1,documental,smart_tv,False,5,0,0,41.7
33,estandar,50.2,1,drama,smart_tv,False,3,0,0,42.9
48,estandar,35.2,3,kids,tablet,True,0,0,0,37.0
27,premium,67.8,4,documental,celular,False,0,0,0,70.2
8,basico,36.9,2,kids,smart_tv,False,9,0,0,37.0
41,basico,24.4,2,drama,smart_tv,True,1,0,0,19.3
8,estandar,33.2,1,accion,smart_tv,True,1,1,0,34.8
40,estandar_con_anuncios,26.3,1,comedia,celular,False,9,1,0,23.8
25,estandar_con_anuncios,7.6,1,drama,smart_tv,False,2,0,0,6.3
47,basico,29.0,2,comedia,tablet,True,0,1,0,35.6
52,basico,34.0,2,accion,tablet,False,6,0,0,47.3
25,estandar_con_anuncios,0.0,1,kids,celular,False,0,1,1,2.8
53,basico,26.6,2,comedia,celular,False,15,0,1,4.0
7,basico,21.0,2,reality,smart_tv,False,3,0,0,20.0
7,basico,41.0,2,accion,smart_tv,True,5,0,0,40.5
59,basico,2.2,2,kids,celular,True,4,0,0,2.4
34,estandar,32.1,1,accion,smart_tv,False,2,0,0,29.7
27,estandar_con_anuncios,13.0,2,accion,smart_tv,False,2,1,0,16.1
10,premium,60.2,5,documental,smart_tv,True,3,1,0,38.1
18,premium,45.8,5,anime,smart_tv,True,1,0,0,43.4
41,basico,55.4,2,accion,smart_tv,True,4,0,0,63.4
49,basico,39.0,1,accion,celular,False,0,1,0,33.1
55,estandar,33.4,2,documental,pc,True,0,0,0,32.0
25,premium,50.7,4,kids,celular,False,4,0,0,56.1
27,estandar,31.9,2,drama,pc,False,8,0,0,40.6
10,premium,58.7,3,accion,smart_tv,True,7,0,0,45.0
5,estandar,15.4,2,accion,pc,False,0,0,0,11.6
26,estandar,24.8,1,anime,celular,True,1,0,0,20.6
35,estandar_con_anuncios,27.8,2,accion,smart_tv,False,13,0,0,20.1
7,estandar,54.0,3,accion,tablet,True,5,1,0,39.7
25,estandar_con_anuncios,0.0,2,anime,smart_tv,False,8,1,0,0.0
38,estandar,58.8,2,accion,smart_tv,True,3,1,0,71.9
48,premium,46.9,1,drama,smart_tv,True,10,0,0,44.3
56,estandar_con_anuncios,0.0,1,drama,smart_tv,False,0,2,1,3.1
21,estandar,0.0,2,drama,smart_tv,True,1,1,0,0.0
24,estandar_con_anuncios,0.0,1,drama,celular,False,7,0,1,5.2
52,estandar,39.0,2,accion,consola,True,1,0,0,52.2
41,estandar_con_anuncios,20.4,2,kids,smart_tv,False,2,0,0,17.1
17,premium,55.9,2,kids,celular,False,1,0,0,73.3
41,estandar_con_anuncios,13.2,2,drama,smart_tv,False,1,1,0,14.1
10,premium,29.2,2,accion,pc,False,7,1,1,2.9
27,premium,41.1,5,drama,smart_tv,False,2,2,0,44.1
19,estandar,37.1,2,anime,smart_tv,False,3,2,1,3.6
59,estandar,43.4,2,drama,celular,False,4,0,0,57.9
3,estandar,23.4,2,documental,celular,False,1,2,0,25.6
51,premium,62.8,1,comedia,pc,True,1,2,0,68.9
17,estandar_con_anuncios,10.1,2,documental,celular,False,7,0,0,9.3
3,estandar,22.2,3,comedia,pc,False,4,0,0,25.6
39,estandar_con_anuncios,13.1,1,kids,smart_tv,False,3,0,0,10.8
41,estandar,54.5,1,comedia,smart_tv,True,0,0,0,55.6
9,estandar_con_anuncios,16.8,1,reality,smart_tv,False,3,0,0,25.5
3,estandar,24.8,2,accion,smart_tv,False,1,0,0,13.6
7,estandar,49.5,3,kids,smart_tv,True,8,0,0,51.6
25,basico,59.2,2,reality,celular,True,0,0,0,62.1
8,estandar,38.8,2,anime,smart_tv,True,7,0,0,37.2
42,estandar,57.0,3,comedia,celular,False,6,1,0,54.9
5,estandar,51.0,2,comedia,celular,False,7,2,1,5.1
47,basico,19.8,1,comedia,celular,False,10,3,0,18.9
52,estandar,39.7,2,comedia,celular,True,2,0,0,41.3
43,premium,29.3,1,accion,smart_tv,True,7,0,0,26.7
56,estandar_con_anuncios,19.6,1,anime,smart_tv,False,8,1,0,26.7
56,estandar_con_anuncios,13.3,1,anime,celular,False,6,0,0,12.7
3,estandar_con_anuncios,12.2,2,accion,celular,False,1,3,1,5.0
21,estandar,25.5,2,documental,smart_tv,True,1,1,0,22.4
45,basico,24.4,2,reality,smart_tv,True,10,0,0,28.5
21,estandar,44.7,2,anime,celular,False,3,0,0,50.6
44,estandar,36.9,2,drama,celular,False,8,0,0,39.7
46,basico,0.9,2,accion,smart_tv,True,0,0,0,0.7
59,premium,38.7,4,reality,smart_tv,False,2,0,0,33.5
20,estandar,13.9,1,comedia,consola,False,3,1,0,18.1
21,estandar_con_anuncios,23.4,2,accion,smart_tv,False,6,0,0,20.2
2,basico,32.7,1,anime,consola,True,2,0,0,36.5
17,basico,30.3,2,anime,smart_tv,True,3,0,0,25.1
17,estandar_con_anuncios,7.6,2,reality,celular,False,3,0,1,1.9
27,estandar_con_anuncios,24.0,2,kids,smart_tv,False,2,0,0,21.0
25,premium,40.0,1,comedia,smart_tv,False,3,1,0,33.1
51,basico,12.2,1,comedia,consola,False,1,0,0,10.6
46,basico,40.0,2,accion,celular,True,4,1,0,36.0
43,estandar,50.9,2,accion,tablet,True,4,0,0,54.6
1,estandar,49.3,1,accion,smart_tv,True,4,0,0,49.9
28,premium,38.2,1,documental,consola,False,0,1,0,30.7
44,estandar,56.4,1,comedia,consola,True,0,1,0,56.1
15,basico,18.8,1,kids,celular,False,5,1,0,14.9
26,basico,37.0,2,comedia,smart_tv,False,2,0,0,41.3
43,premium,40.9,5,comedia,celular,False,1,2,0,47.0
47,estandar,35.6,2,drama,celular,False,15,0,1,1.9
51,premium,12.9,4,drama,tablet,False,0,0,0,13.5
26,estandar_con_anuncios,15.6,2,reality,smart_tv,False,2,1,0,20.5
24,premium,48.4,5,accion,smart_tv,False,1,0,0,47.0
23,estandar,30.8,1,comedia,smart_tv,True,6,1,0,25.6
40,estandar_con_anuncios,47.7,2,kids,celular,False,8,0,0,52.7
25,estandar,19.6,2,accion,tablet,False,1,0,0,15.6
24,estandar,28.5,3,drama,smart_tv,False,2,0,0,27.4
10,estandar_con_anuncios,5.3,2,comedia,celular,False,0,1,0,4.7
29,basico,19.0,2,drama,consola,True,3,1,0,16.6
15,premium,61.7,4,documental,smart_tv,True,3,0,0,58.9
31,estandar_con_anuncios,42.8,2,comedia,smart_tv,False,1,0,0,49.7
53,basico,18.9,2,drama,celular,False,6,0,0,22.7
46,basico,18.0,2,drama,celular,True,3,0,0,21.0
29,basico,10.1,2,accion,smart_tv,False,4,1,0,10.7
58,premium,69.4,1,drama,pc,False,1,0,0,66.2
58,estandar,56.6,2,reality,celular,False,8,0,0,32.6
27,estandar_con_anuncios,18.7,2,drama,consola,False,14,0,0,19.9
46,premium,27.9,3,documental,consola,False,3,0,0,16.5
21,premium,27.2,4,accion,pc,True,4,1,0,17.8
52,estandar_con_anuncios,24.9,2,accion,celular,False,0,1,0,24.2
23,premium,55.2,1,drama,smart_tv,True,6,0,0,57.8
16,estandar_con_anuncios,0.0,1,reality,celular,False,3,2,0,0.0
8,premium,40.8,5,reality,smart_tv,False,1,0,0,52.1
50,estandar,63.4,3,drama,celular,True,3,1,0,68.7
18,estandar,33.2,3,drama,smart_tv,True,3,0,0,31.7
48,estandar_con_anuncios,44.3,1,reality,celular,False,0,0,0,55.4
6,premium,55.2,1,accion,smart_tv,True,10,1,0,70.8
30,estandar_con_anuncios,4.2,2,drama,smart_tv,False,3,0,0,4.6
26,estandar_con_anuncios,15.8,2,drama,smart_tv,False,2,1,0,13.6
26,estandar_con_anuncios,18.2,1,documental,celular,False,1,0,1,1.7
10,estandar,21.5,1,kids,pc,False,3,0,0,15.9
5,estandar_con_anuncios,3.9,1,accion,smart_tv,False,0,2,0,3.9
21,premium,69.4,1,anime,consola,False,2,0,0,56.3
28,estandar,22.7,2,accion,consola,False,3,0,0,21.4
47,estandar_con_anuncios,38.1,1,comedia,smart_tv,False,8,0,1,4.3
28,estandar_con_anuncios,13.8,1,accion,celular,False,0,0,0,8.9
15,estandar_con_anuncios,18.9,1,comedia,smart_tv,False,1,1,0,14.6
16,estandar,44.8,2,comedia,smart_tv,False,0,0,0,40.7
37,premium,39.1,1,drama,celular,False,12,2,0,38.7
26,estandar_con_anuncios,28.7,1,comedia,smart_tv,False,1,0,0,26.1
54,premium,18.8,4,kids,consola,False,1,0,0,17.9
26,estandar_con_anuncios,26.8,2,drama,consola,False,3,0,0,23.4
34,premium,10.8,1,accion,pc,False,0,0,0,8.0
4,premium,41.9,2,documental,celular,False,2,1,0,37.9
12,estandar,48.8,1,documental,celular,True,17,0,0,46.9
51,estandar,48.6,2,kids,tablet,False,0,0,0,45.9
21,premium,27.3,4,reality,smart_tv,False,0,2,0,27.8
25,estandar_con_anuncios,2.5,2,kids,smart_tv,False,0,0,1,5.6
35,estandar_con_anuncios,10.6,1,drama,celular,False,3,0,0,11.9
4,estandar_con_anuncios,21.1,2,accion,smart_tv,False,8,1,0,18.7
30,estandar,7.0,1,documental,smart_tv,False,2,0,0,5.0
21,estandar,36.6,2,comedia,smart_tv,True,3,1,0,45.0
9,estandar,40.4,2,drama,celular,False,1,1,0,43.2
25,premium,42.8,2,comedia,smart_tv,False,2,0,0,35.4
27,estandar_con_anuncios,28.1,2,accion,smart_tv,False,8,0,0,29.5
11,estandar,39.3,3,comedia,smart_tv,False,3,0,0,46.9
33,estandar_con_anuncios,12.6,1,drama,smart_tv,False,11,1,0,16.5
45,estandar_con_anuncios,0.0,2,reality,consola,False,5,0,0,0.0
16,estandar,38.3,2,anime,smart_tv,False,5,1,0,45.6
58,premium,35.5,4,drama,celular,True,5,0,0,27.8
37,estandar,29.4,1,anime,pc,True,5,0,0,29.2
46,estandar_con_anuncios,29.0,1,drama,smart_tv,False,7,0,0,27.3
5,estandar,56.7,2,anime,pc,False,1,0,0,60.2
46,estandar_con_anuncios,21.3,2,anime,celular,False,1,0,0,27.5
20,premium,55.0,1,drama,celular,False,5,0,0,57.5
42,estandar,16.8,3,kids,smart_tv,False,9,2,0,14.0
48,estandar_con_anuncios,25.7,2,anime,smart_tv,False,2,0,0,19.9
15,estandar_con_anuncios,18.4,2,reality,tablet,False,1,1,0,23.9
16,estandar_con_anuncios,37.8,1,anime,pc,False,0,0,0,41.3
4,premium,37.2,3,accion,tablet,True,0,1,0,40.2
36,basico,24.4,2,drama,consola,False,3,0,0,22.9
46,estandar,54.7,2,reality,smart_tv,True,1,1,0,57.3
25,estandar,35.7,2,documental,pc,False,9,0,0,29.4
10,estandar,19.2,2,documental,celular,True,0,0,0,20.5
19,estandar_con_anuncios,57.9,2,comedia,pc,False,2,0,0,45.7
24,premium,30.8,1,accion,smart_tv,False,5,0,0,28.8
55,basico,28.6,2,drama,smart_tv,True,1,0,0,25.3
8,estandar,40.9,3,kids,pc,False,2,0,0,16.9
21,estandar,40.8,3,drama,pc,False,15,2,0,38.3
38,estandar,35.3,3,kids,celular,True,0,0,0,29.6
14,premium,43.4,2,reality,smart_tv,True,3,0,0,41.8
53,estandar_con_anuncios,18.9,2,accion,smart_tv,False,1,1,0,18.9
54,estandar,22.8,2,accion,tablet,False,0,1,0,30.1
23,basico,59.2,2,comedia,smart_tv,False,11,0,0,62.4
45,basico,25.5,2,anime,smart_tv,True,3,0,0,27.0
45,estandar_con_anuncios,30.7,1,kids,celular,False,1,0,0,33.4
41,estandar_con_anuncios,16.4,2,comedia,smart_tv,False,2,0,0,19.0
12,estandar_con_anuncios,13.7,2,drama,celular,False,5,0,0,14.8
3,basico,18.4,1,drama,smart_tv,False,2,1,0,19.3
21,basico,3.5,1,accion,pc,False,2,1,0,3.9
8,estandar,33.3,3,anime,consola,True,3,0,0,18.8
18,estandar,30.4,2,kids,tablet,True,1,0,0,41.8
38,basico,45.7,1,drama,celular,True,0,0,0,58.8
35,basico,10.0,2,reality,smart_tv,True,9,0,0,10.4
13,estandar_con_anuncios,10.4,1,comedia,celular,False,0,0,0,7.8
2,estandar,21.7,1,reality,pc,False,3,0,0,26.4
14,basico,47.8,1,comedia,celular,True,0,0,0,41.8
27,estandar_con_anuncios,7.2,2,documental,celular,False,0,2,0,7.9
46,basico,37.3,2,anime,celular,False,2,0,0,28.7
22,basico,41.4,1,comedia,celular,True,0,0,0,58.0
17,estandar_con_anuncios,17.2,2,kids,celular,False,7,0,0,12.7
33,estandar,17.1,1,anime,smart_tv,False,1,0,0,17.3
5,estandar,15.0,1,drama,celular,True,8,0,1,4.3
14,estandar,49.1,2,drama,celular,True,7,0,0,48.7
3,estandar,16.3,1,documental,smart_tv,False,11,0,1,0.9
32,estandar,43.5,1,comedia,consola,True,3,1,0,52.4
27,basico,29.0,2,drama,celular,True,9,2,0,26.8
35,estandar,43.6,2,accion,smart_tv,True,0,0,0,52.5
37,estandar,45.2,3,kids,pc,True,7,0,0,36.9
24,basico,13.0,2,comedia,celular,False,1,0,0,12.3
52,estandar,24.7,2,comedia,pc,True,8,0,0,23.5
55,basico,40.3,2,reality,smart_tv,True,4,3,0,43.9
7,estandar,26.1,2,accion,consola,True,3,0,0,27.8
55,estandar,0.0,1,reality,smart_tv,False,4,1,0,0.0
12,premium,55.7,1,accion,celular,True,3,2,0,58.4
15,premium,30.7,4,anime,smart_tv,False,1,0,0,34.4
32,estandar,44.7,1,documental,celular,True,3,0,0,37.5
2,estandar,56.1,2,drama,celular,False,11,0,0,60.0
22,estandar,37.1,2,reality,celular,True,3,0,0,47.8
12,basico,40.9,1,accion,celular,True,0,0,0,28.5
29,premium,49.7,4,drama,pc,True,7,3,0,54.1
49,basico,52.9,1,drama,celular,True,1,0,0,59.3
55,estandar_con_anuncios,6.7,2,kids,smart_tv,False,5,0,0,8.5
13,estandar_con_anuncios,19.0,2,drama,tablet,False,0,0,0,21.5
33,premium,57.8,2,comedia,celular,False,1,0,0,58.8
28,estandar_con_anuncios,17.5,2,drama,tablet,False,0,0,0,18.9
25,estandar_con_anuncios,37.4,2,accion,tablet,False,3,1,0,32.5
38,basico,21.7,1,comedia,consola,True,2,0,0,20.2
59,estandar_con_anuncios,54.0,1,accion,pc,False,2,0,0,41.0
24,basico,58.8,1,comedia,celular,False,6,0,1,3.6
4,estandar,39.6,2,drama,smart_tv,False,1,0,1,1.3
55,estandar_con_anuncios,30.9,2,documental,celular,False,1,0,0,25.8
55,premium,67.5,3,comedia,pc,False,0,1,0,70.8
20,premium,28.9,3,documental,celular,False,3,0,0,34.9
30,basico,7.8,1,drama,consola,True,5,2,0,9.2
51,estandar_con_anuncios,41.1,2,drama,smart_tv,False,9,1,0,34.2
30,estandar,41.6,1,comedia,smart_tv,True,0,0,0,18.1
29,estandar_con_anuncios,17.0,2,accion,celular,False,0,0,1,2.3
55,basico,29.8,1,comedia,smart_tv,False,1,1,0,25.0
49,premium,13.3,4,reality,smart_tv,True,8,2,0,14.8
30,premium,44.6,2,comedia,smart_tv,False,1,0,0,52.2
10,estandar,24.5,3,accion,pc,True,4,0,0,29.4
26,basico,40.9,1,accion,celular,True,1,0,0,53.7
40,estandar,53.3,2,drama,smart_tv,False,4,1,0,65.2
17,estandar,45.1,3,accion,smart_tv,True,0,2,0,59.3
32,basico,33.6,2,comedia,celular,False,3,2,0,41.9
39,estandar,15.8,1,accion,smart_tv,False,0,0,0,20.0
6,estandar_con_anuncios,27.4,2,drama,celular,False,11,0,0,27.2
34,estandar_con_anuncios,30.3,1,kids,pc,False,1,1,0,23.3
44,estandar,57.3,2,anime,smart_tv,False,0,0,0,82.9
13,estandar_con_anuncios,50.9,1,drama,celular,False,7,2,1,4.1
33,estandar_con_anuncios,0.0,1,documental,smart_tv,False,0,0,1,4.8
42,premium,42.7,3,kids,smart_tv,True,1,1,0,38.5
3,premium,34.1,4,comedia,consola,True,11,1,0,40.0
39,estandar,40.8,2,kids,celular,True,2,0,0,22.8
16,premium,46.5,2,documental,consola,True,6,0,0,43.1
24,premium,43.5,2,anime,smart_tv,True,0,1,0,42.7
39,estandar_con_anuncios,36.7,2,anime,smart_tv,False,1,0,0,39.8
1,basico,8.6,1,drama,celular,True,7,1,1,3.1
1,basico,9.5,2,accion,celular,True,0,0,0,7.6
27,estandar_con_anuncios,4.9,1,accion,tablet,False,0,0,1,4.5
57,estandar,34.3,1,drama,smart_tv,True,0,0,0,41.9
1,basico,6.7,1,comedia,consola,False,20,3,1,1.5
47,basico,28.2,1,anime,consola,False,3,1,0,31.8
5,estandar_con_anuncios,15.9,2,drama,celular,False,0,1,1,2.2
29,estandar_con_anuncios,8.6,1,accion,smart_tv,False,5,1,0,6.6
26,premium,60.3,2,reality,celular,True,1,0,0,80.2
28,estandar_con_anuncios,19.4,1,comedia,smart_tv,False,0,2,0,22.0
5,estandar_con_anuncios,34.4,1,accion,pc,False,7,0,0,34.3
45,estandar_con_anuncios,18.8,2,anime,celular,False,6,0,0,13.3
17,basico,26.1,2,accion,consola,True,5,0,0,21.7
46,estandar,30.4,2,drama,celular,True,0,0,0,33.9
39,basico,28.1,2,drama,celular,False,5,1,0,29.9
33,estandar_con_anuncios,31.4,2,anime,celular,False,1,0,0,20.4
19,estandar_con_anuncios,13.4,1,comedia,celular,False,3,1,0,14.9
39,premium,56.0,3,accion,consola,True,10,2,0,40.2
59,estandar,27.7,1,drama,smart_tv,False,8,0,0,34.5
55,estandar,51.0,3,accion,tablet,False,3,0,0,52.9
55,estandar,30.9,2,anime,pc,False,2,1,0,28.3
13,estandar,48.9,2,accion,consola,False,4,0,0,57.6
35,estandar_con_anuncios,21.8,1,anime,celular,False,6,1,0,23.2
24,basico,49.8,2,comedia,pc,True,5,0,0,61.7
58,estandar,22.5,3,accion,smart_tv,True,1,0,0,22.8
57,basico,7.6,2,reality,pc,True,0,0,0,7.8
52,premium,40.1,4,accion,smart_tv,True,2,0,0,38.0
10,basico,5.1,1,comedia,smart_tv,False,0,0,0,5.3
19,estandar,15.8,2,reality,smart_tv,True,0,0,0,20.6
42,premium,57.8,2,comedia,smart_tv,True,5,0,0,52.6
45,estandar,38.7,3,accion,smart_tv,False,3,2,0,43.2
21,premium,39.6,3,anime,pc,True,3,0,0,33.3
9,estandar,29.9,2,drama,smart_tv,True,2,0,0,18.8
9,premium,36.8,4,comedia,celular,True,3,0,0,38.2
41,basico,53.2,2,drama,smart_tv,False,4,0,0,56.7
27,basico,16.2,1,comedia,pc,True,6,0,0,15.9
29,estandar,17.6,3,drama,pc,True,7,1,0,12.9
49,estandar_con_anuncios,34.0,1,kids,smart_tv,False,1,0,0,35.9
1,basico,21.8,1,drama,celular,False,1,1,1,2.8
45,premium,79.3,1,documental,consola,True,9,0,0,66.6
17,estandar,28.5,3,comedia,pc,True,0,0,0,21.6
55,estandar_con_anuncios,35.3,1,comedia,smart_tv,False,15,0,0,33.7
57,basico,46.0,1,comedia,celular,False,9,1,0,51.4
30,estandar_con_anuncios,12.7,1,kids,pc,False,1,2,0,13.7
19,estandar_con_anuncios,8.4,2,accion,smart_tv,False,6,0,0,7.1
14,premium,57.3,3,comedia,pc,True,10,2,0,58.7
11,basico,34.5,2,reality,smart_tv,False,0,0,0,40.0
59,basico,8.8,1,accion,pc,True,3,0,0,6.9
12,estandar,19.1,3,drama,smart_tv,False,6,1,0,19.3
27,estandar_con_anuncios,0.0,1,reality,smart_tv,False,6,0,1,4.1
29,estandar_con_anuncios,29.3,1,comedia,tablet,False,0,0,0,22.6
41,estandar,34.5,3,drama,consola,True,3,0,0,41.7
50,estandar,36.7,1,accion,consola,False,0,1,0,47.4
33,premium,22.4,1,drama,tablet,False,5,0,0,21.5
45,estandar,22.3,3,comedia,smart_tv,False,0,2,0,20.9
34,basico,20.7,2,kids,smart_tv,True,2,0,0,24.5
26,estandar,27.1,1,drama,smart_tv,False,2,2,0,26.2
10,premium,47.6,5,reality,celular,False,1,0,0,27.4
13,estandar,44.8,2,anime,smart_tv,False,1,0,0,44.0
26,premium,81.2,2,documental,tablet,False,0,0,0,88.1
3,estandar,34.9,2,kids,smart_tv,True,1,0,0,39.5
19,premium,63.3,4,kids,smart_tv,True,7,0,0,53.3
28,estandar_con_anuncios,7.9,1,anime,smart_tv,False,18,1,0,7.5
28,estandar,12.2,2,comedia,smart_tv,False,0,0,0,14.3
49,basico,23.8,1,drama,smart_tv,False,23,0,1,0.2
58,estandar,15.9,3,accion,celular,True,14,3,0,11.5
44,estandar,38.9,1,accion,smart_tv,True,4,0,0,47.6
5,premium,33.7,5,drama,celular,False,5,0,0,32.4
25,premium,17.8,2,documental,consola,False,0,0,0,21.3
44,estandar_con_anuncios,47.7,2,drama,celular,False,3,0,0,35.7
36,estandar,29.9,3,anime,celular,True,2,0,0,29.2
28,estandar,12.8,1,comedia,smart_tv,False,1,1,0,14.0
26,basico,40.6,2,drama,smart_tv,True,10,0,0,40.0
24,estandar_con_anuncios,9.1,1,drama,smart_tv,False,3,0,0,7.2
35,estandar_con_anuncios,37.3,1,comedia,tablet,False,18,0,0,21.3
11,estandar,24.9,3,comedia,celular,True,0,0,0,31.7
31,basico,19.5,1,drama,smart_tv,True,4,0,0,20.4
13,premium,51.3,2,comedia,celular,False,1,2,0,62.1
41,basico,37.3,1,drama,pc,False,7,0,0,43.5
52,premium,60.9,4,comedia,celular,False,1,0,0,67.4
30,basico,26.2,1,comedia,celular,False,8,1,0,24.7
23,estandar,44.8,3,comedia,consola,True,9,1,0,48.7
56,estandar_con_anuncios,33.9,1,comedia,celular,False,6,1,0,42.6
39,estandar,41.3,1,drama,celular,True,6,1,0,41.9
26,premium,45.0,5,drama,smart_tv,True,1,0,0,60.4
2,premium,23.5,4,drama,smart_tv,False,2,0,0,17.2
1,premium,54.1,2,kids,tablet,True,1,1,0,38.5
14,estandar_con_anuncios,19.8,2,anime,celular,False,3,1,0,23.3
14,basico,20.0,2,anime,smart_tv,True,2,1,0,17.1
43,estandar_con_anuncios,40.7,2,accion,celular,False,2,0,0,55.7
30,estandar_con_anuncios,0.0,2,accion,smart_tv,False,0,1,1,1.2
59,estandar,64.6,3,comedia,pc,True,13,0,0,83.1
32,estandar,37.3,2,kids,smart_tv,False,0,0,0,43.2
54,estandar,44.3,2,kids,pc,False,0,0,0,37.0
33,premium,41.8,5,reality,celular,True,0,0,0,29.3
22,estandar,11.8,3,reality,smart_tv,False,4,1,0,15.0
43,premium,46.5,1,accion,smart_tv,False,15,0,0,33.9
27,estandar_con_anuncios,25.3,2,kids,pc,False,0,1,1,2.7
17,estandar_con_anuncios,29.6,1,reality,smart_tv,False,0,0,1,2.4
28,estandar,34.4,3,comedia,smart_tv,True,2,0,0,33.9
40,premium,15.4,3,anime,pc,True,3,0,0,16.6
23,estandar_con_anuncios,0.0,1,drama,smart_tv,False,14,0,0,0.0
42,estandar,69.3,1,anime,smart_tv,True,0,1,0,66.8
58,estandar,23.4,2,kids,smart_tv,True,5,0,0,29.4
25,estandar_con_anuncios,41.5,2,drama,consola,False,1,0,1,0.0
18,basico,12.5,1,documental,smart_tv,True,2,0,0,12.9
24,premium,44.3,1,drama,smart_tv,False,7,0,0,39.5
50,estandar,48.5,3,kids,smart_tv,True,1,0,0,59.9
11,estandar_con_anuncios,6.6,1,kids,smart_tv,False,4,3,0,4.2
58,premium,73.7,3,documental,smart_tv,True,0,0,0,79.6
25,basico,28.2,2,reality,smart_tv,True,0,0,0,32.0
50,premium,56.1,2,drama,smart_tv,True,6,2,1,4.3
47,estandar_con_anuncios,17.9,1,comedia,smart_tv,False,0,1,0,21.0
47,estandar,48.8,1,comedia,consola,False,5,0,0,48.6
54,basico,53.2,2,drama,smart_tv,False,1,0,0,48.0
11,estandar_con_anuncios,16.9,2,accion,smart_tv,False,10,2,0,19.8
36,premium,73.9,4,comedia,consola,False,5,0,0,59.5
6,estandar_con_anuncios,9.3,1,comedia,consola,False,3,0,0,10.8
18,estandar_con_anuncios,31.0,2,accion,celular,False,5,1,1,2.7
3,basico,32.6,1,reality,smart_tv,False,16,1,1,2.1
41,estandar,22.4,2,comedia,smart_tv,False,1,3,0,22.6
36,premium,51.2,5,reality,smart_tv,True,7,0,0,46.2
44,premium,48.8,4,accion,smart_tv,False,3,2,0,52.2
11,estandar_con_anuncios,6.1,2,comedia,smart_tv,False,0,0,0,6.0
20,basico,32.0,2,accion,celular,True,4,1,1,5.0
40,estandar_con_anuncios,23.5,2,comedia,smart_tv,False,1,2,1,3.2
49,estandar,38.0,2,comedia,celular,True,0,0,0,41.1
53,premium,48.4,2,accion,smart_tv,True,0,0,0,50.9
5,estandar,34.1,2,drama,smart_tv,False,0,0,1,3.7
24,estandar,31.5,2,comedia,pc,False,9,1,0,29.8
1,basico,27.2,1,accion,consola,True,1,0,0,28.4
49,premium,39.4,3,comedia,smart_tv,True,9,1,0,38.2
8,basico,65.5,1,reality,celular,True,5,0,0,78.6
49,estandar_con_anuncios,0.9,2,comedia,smart_tv,False,0,0,1,5.7
10,basico,17.1,1,anime,smart_tv,True,1,0,0,18.3
1,estandar_con_anuncios,10.5,1,kids,celular,False,2,2,0,7.8
52,estandar_con_anuncios,52.9,1,anime,smart_tv,False,2,0,0,61.9
26,estandar_con_anuncios,0.4,2,reality,smart_tv,False,2,0,0,0.4
26,basico,33.6,2,drama,celular,True,3,0,1,4.8
39,estandar,42.0,1,accion,smart_tv,True,11,2,0,54.4
17,basico,31.4,2,drama,smart_tv,True,1,1,0,35.3
41,basico,47.0,1,reality,smart_tv,True,1,0,1,1.9
26,premium,65.4,1,accion,tablet,True,0,0,0,70.8
17,estandar,29.7,2,comedia,celular,True,2,0,0,29.2
24,estandar,39.9,1,anime,smart_tv,True,4,0,0,37.9
1,estandar_con_anuncios,0.0,1,drama,smart_tv,False,1,1,1,0.0
18,premium,48.0,4,accion,celular,False,0,0,0,57.8
35,estandar_con_anuncios,9.0,2,kids,smart_tv,False,2,0,0,8.9
9,basico,23.0,1,drama,celular,True,1,1,0,31.6
7,premium,20.3,1,accion,pc,True,3,0,0,19.6
39,estandar,44.3,3,reality,smart_tv,True,12,0,0,33.2
26,estandar,11.7,2,drama,smart_tv,False,9,0,0,8.1
9,estandar,38.0,2,accion,smart_tv,False,5,0,0,26.5
45,estandar,20.4,3,comedia,smart_tv,True,5,0,0,18.9
46,estandar_con_anuncios,9.1,1,documental,smart_tv,False,9,0,0,8.7
3,estandar_con_anuncios,35.6,2,drama,consola,False,1,0,0,40.0
12,basico,34.8,1,anime,smart_tv,True,5,0,0,34.6
22,estandar_con_anuncios,37.1,2,reality,celular,False,6,1,0,42.7
44,premium,72.1,1,drama,celular,True,3,0,0,72.7
5,estandar_con_anuncios,6.8,2,comedia,smart_tv,False,0,0,1,1.0
48,estandar,61.5,3,accion,smart_tv,True,2,0,0,55.1
19,estandar,14.6,2,kids,smart_tv,True,9,0,0,18.3
8,estandar,46.9,2,accion,celular,True,7,0,0,34.0
51,basico,21.8,2,drama,smart_tv,True,4,0,0,23.0
6,basico,11.5,1,drama,celular,True,0,1,0,11.1
8,premium,54.9,3,anime,consola,True,3,0,0,62.6
57,estandar,53.9,2,accion,pc,False,2,1,0,53.7
31,premium,61.3,1,reality,tablet,True,0,0,0,61.4
28,premium,50.6,1,accion,pc,True,1,0,0,48.2
41,estandar,40.4,2,anime,consola,False,3,0,0,50.5
38,estandar_con_anuncios,29.1,2,drama,pc,False,4,0,1,1.8
37,estandar,42.6,1,drama,celular,False,5,1,0,57.7
2,estandar_con_anuncios,26.3,1,anime,pc,False,1,1,1,3.5
33,estandar,40.8,3,anime,tablet,True,4,1,0,41.0
17,premium,59.1,4,comedia,celular,True,1,0,0,57.6
48,estandar,14.6,2,comedia,celular,False,0,1,0,16.1
30,basico,25.5,2,accion,celular,True,2,0,0,22.8
8,estandar_con_anuncios,0.0,2,comedia,consola,False,4,0,0,0.0
53,premium,53.6,4,drama,smart_tv,False,1,0,0,53.7
17,estandar_con_anuncios,44.0,2,reality,pc,False,4,0,0,46.6
17,estandar_con_anuncios,12.3,2,comedia,pc,False,3,0,0,13.1
56,estandar_con_anuncios,24.6,1,kids,tablet,False,1,2,1,4.4
46,estandar_con_anuncios,33.2,2,drama,smart_tv,False,0,0,0,33.8
51,basico,0.0,2,drama,celular,False,4,0,1,4.0
40,estandar,30.5,3,documental,pc,False,3,0,0,32.8
54,basico,35.0,2,comedia,tablet,True,0,2,0,51.4
7,estandar_con_anuncios,0.0,2,documental,consola,False,0,1,0,0.0
36,estandar_con_anuncios,6.3,2,drama,celular,False,1,0,0,7.4
18,basico,43.0,1,anime,celular,False,3,0,0,37.4
24,estandar_con_anuncios,35.0,1,kids,smart_tv,False,0,0,0,43.8
15,estandar,41.9,1,reality,tablet,False,5,0,0,36.6
13,estandar_con_anuncios,32.3,2,drama,smart_tv,False,6,2,1,1.6
27,basico,30.5,1,comedia,celular,False,0,2,0,29.0
55,basico,37.9,1,comedia,pc,True,0,2,0,41.0
38,basico,23.4,2,accion,smart_tv,True,0,0,0,22.4
21,estandar_con_anuncios,21.5,2,comedia,smart_tv,False,14,1,1,0.4
26,estandar_con_anuncios,10.7,1,drama,smart_tv,False,0,1,1,3.5
32,premium,66.6,2,comedia,consola,False,0,0,0,85.1
15,estandar_con_anuncios,42.1,1,comedia,celular,False,0,0,0,45.6
31,estandar,58.3,1,comedia,smart_tv,True,0,0,0,44.8
42,basico,22.4,2,drama,celular,True,0,0,0,26.8
15,basico,11.9,2,comedia,smart_tv,True,13,2,0,10.0
35,basico,47.1,2,documental,consola,True,0,1,0,53.4
42,estandar,46.7,3,comedia,smart_tv,False,2,0,0,51.3
31,premium,52.5,1,comedia,smart_tv,True,0,0,0,58.3
18,estandar_con_anuncios,10.0,2,accion,smart_tv,False,3,0,0,13.3
33,basico,34.1,2,kids,celular,True,0,0,0,29.0
47,estandar_con_anuncios,5.6,2,comedia,celular,False,7,0,0,6.2
14,basico,35.7,1,accion,pc,False,10,0,0,43.8
34,estandar,58.5,3,anime,celular,True,5,1,0,51.7
41,estandar_con_anuncios,45.9,1,accion,smart_tv,False,3,1,0,39.7
19,basico,37.2,2,reality,smart_tv,False,4,2,0,35.3
23,premium,26.2,1,kids,smart_tv,True,3,0,0,27.7
53,estandar_con_anuncios,25.4,1,drama,consola,False,1,1,0,19.0
22,basico,58.9,1,accion,smart_tv,False,0,0,0,64.7
36,estandar,25.0,2,kids,tablet,False,5,0,0,18.7
9,estandar_con_anuncios,17.9,1,anime,smart_tv,False,4,0,0,22.1
55,estandar_con_anuncios,43.8,1,accion,smart_tv,False,1,0,1,3.8
36,estandar_con_anuncios,30.3,2,drama,smart_tv,False,2,0,1,3.4
45,premium,86.0,5,accion,smart_tv,True,0,0,0,96.4
36,estandar_con_anuncios,10.0,1,drama,pc,False,2,0,1,0.0
21,estandar_con_anuncios,4.9,2,kids,celular,False,1,2,1,0.5
21,estandar_con_anuncios,38.1,1,accion,smart_tv,False,0,0,0,39.7
42,estandar_con_anuncios,3.6,1,kids,celular,False,0,0,1,3.2
51,estandar,36.3,1,reality,celular,True,1,3,0,44.1
8,estandar_con_anuncios,17.7,1,documental,tablet,False,7,0,0,14.7
50,estandar,54.7,3,documental,tablet,True,11,0,0,74.6
49,estandar,48.3,2,kids,celular,True,16,2,1,5.9
7,premium,52.4,2,reality,pc,True,5,0,0,50.5
7,estandar_con_anuncios,12.5,1,reality,pc,False,4,0,0,16.5
42,premium,66.7,4,drama,celular,True,0,0,0,57.3
50,estandar,99.6,3,accion,celular,False,0,0,1,4.5
24,estandar_con_anuncios,30.4,2,drama,smart_tv,False,7,1,0,23.4
38,estandar,39.7,2,reality,pc,True,17,0,0,52.9
59,premium,30.4,3,documental,tablet,False,2,0,0,21.4
20,estandar_con_anuncios,10.1,2,accion,smart_tv,False,2,1,1,1.9
14,premium,43.0,2,drama,pc,True,1,3,0,38.1
59,basico,21.9,1,comedia,tablet,True,0,0,0,27.1
17,estandar,36.2,2,kids,smart_tv,True,3,0,0,42.4
28,premium,74.0,4,drama,celular,True,8,2,0,75.6
27,basico,46.0,2,drama,consola,True,1,0,0,54.4
31,premium,45.2,1,reality,tablet,True,0,0,0,44.3
16,basico,8.2,1,kids,smart_tv,False,5,0,0,8.8
41,estandar,58.5,2,drama,smart_tv,True,5,1,0,75.9
41,estandar,37.7,2,comedia,celular,True,9,0,0,36.0
12,estandar_con_anuncios,0.0,2,anime,smart_tv,False,12,0,1,4.4
29,basico,38.1,2,kids,smart_tv,True,7,2,0,41.3
4,basico,40.7,1,documental,smart_tv,False,1,0,0,46.1
14,estandar_con_anuncios,0.0,1,comedia,smart_tv,False,1,0,1,3.9
59,estandar_con_anuncios,10.5,1,comedia,celular,False,1,0,0,12.4
30,basico,25.8,2,drama,celular,False,0,2,0,24.9
37,estandar_con_anuncios,32.1,1,kids,celular,False,2,0,0,32.8
53,estandar_con_anuncios,14.7,2,drama,pc,False,7,1,0,15.7
43,estandar,26.1,2,drama,smart_tv,False,3,0,0,27.5
47,estandar,49.8,3,kids,smart_tv,False,0,0,0,64.3
43,estandar,31.6,3,anime,smart_tv,True,0,2,0,33.7
30,basico,35.6,2,kids,smart_tv,True,0,0,0,33.7
38,premium,31.5,1,accion,smart_tv,True,5,0,0,34.5
18,estandar,16.2,1,accion,smart_tv,False,2,1,0,19.1
53,estandar_con_anuncios,33.7,1,accion,smart_tv,False,1,0,1,5.4
11,estandar_con_anuncios,22.7,2,comedia,smart_tv,False,0,0,0,25.6
53,estandar,53.3,1,accion,celular,False,0,1,0,38.9
52,estandar_con_anuncios,14.3,2,accion,celular,False,9,0,0,7.9
9,estandar,23.8,1,accion,tablet,False,1,1,0,29.3
42,premium,68.9,2,reality,pc,True,0,0,0,74.3
59,estandar_con_anuncios,0.1,1,anime,celular,False,5,0,0,0.1
34,estandar_con_anuncios,39.6,2,drama,smart_tv,False,2,1,0,44.5
21,premium,66.6,4,comedia,celular,True,7,0,0,89.7
52,estandar,52.2,3,drama,smart_tv,True,0,1,0,65.5
31,estandar_con_anuncios,10.3,2,comedia,smart_tv,False,8,2,1,1.9
8,premium,33.4,4,comedia,smart_tv,True,0,1,0,28.1
15,premium,43.1,1,drama,smart_tv,True,0,0,0,37.2
41,estandar,19.0,2,kids,smart_tv,False,0,0,0,10.8
27,estandar,22.8,1,accion,celular,True,4,2,0,25.4
13,estandar_con_anuncios,28.8,1,reality,pc,False,0,0,1,3.5
48,estandar_con_anuncios,31.7,2,drama,pc,False,15,1,0,38.5
8,estandar,19.9,1,drama,celular,True,0,1,0,22.3
13,estandar_con_anuncios,29.2,1,comedia,celular,False,3,0,0,28.4
28,estandar,44.1,3,drama,smart_tv,True,9,0,0,39.6
3,premium,67.9,2,comedia,celular,False,0,0,0,57.8
23,estandar_con_anuncios,28.5,2,anime,celular,False,1,0,1,2.5
54,estandar,55.4,2,drama,smart_tv,False,6,0,0,45.6
56,estandar_con_anuncios,29.8,2,drama,smart_tv,False,10,0,1,2.9
52,premium,64.0,1,accion,tablet,True,2,1,0,49.0
20,estandar_con_anuncios,0.4,2,accion,celular,False,2,0,0,0.4
4,estandar,33.5,3,accion,celular,False,4,0,1,4.6
49,estandar,38.5,1,comedia,celular,False,3,1,0,40.6
23,basico,23.3,1,reality,smart_tv,True,0,1,0,23.3
45,estandar,45.4,2,drama,celular,True,7,2,0,42.5
8,estandar,45.2,1,accion,smart_tv,False,0,0,0,37.6
40,estandar,44.2,1,kids,smart_tv,True,0,2,0,44.2
35,estandar,35.3,1,reality,celular,False,4,1,0,31.8
55,premium,38.5,4,comedia,smart_tv,True,2,1,0,37.6
7,basico,42.0,1,accion,pc,True,2,0,0,56.8
25,estandar,42.3,3,drama,smart_tv,True,0,0,0,43.6
59,estandar_con_anuncios,7.6,1,drama,celular,False,8,0,0,8.3
23,estandar,34.0,2,drama,celular,True,1,0,1,1.7
39,estandar,12.1,2,kids,celular,False,4,0,0,10.4
10,basico,26.4,2,comedia,celular,False,0,2,0,26.3
43,estandar_con_anuncios,18.6,1,kids,tablet,False,2,0,1,4.3
17,premium,37.8,2,drama,celular,False,3,2,0,35.8
34,basico,51.6,1,reality,celular,False,12,0,0,55.0
52,estandar,22.0,3,reality,celular,True,7,1,0,18.7
40,estandar_con_anuncios,31.9,2,drama,smart_tv,False,16,0,1,3.5
28,premium,80.1,3,drama,smart_tv,False,1,0,0,68.7
12,estandar_con_anuncios,35.2,1,drama,smart_tv,False,7,0,0,50.3
21,estandar_con_anuncios,19.3,1,reality,smart_tv,False,1,2,0,21.4
51,premium,32.2,3,comedia,smart_tv,False,0,0,0,41.7
13,premium,25.7,1,accion,smart_tv,True,7,0,0,24.1
39,estandar_con_anuncios,15.1,2,accion,celular,False,4,2,1,3.5
29,basico,17.1,2,kids,smart_tv,False,8,0,0,13.7
19,estandar,25.8,1,accion,pc,False,1,0,0,27.6
43,premium,43.7,4,accion,smart_tv,True,3,0,0,45.6
22,basico,25.3,2,anime,celular,True,3,0,0,25.3
17,estandar,43.7,1,drama,smart_tv,False,1,0,0,39.5
32,estandar,19.1,3,reality,celular,True,8,0,0,22.3
45,estandar,28.5,2,drama,smart_tv,True,0,0,0,25.9
51,estandar,36.9,2,accion,celular,False,6,0,0,38.9
38,estandar,35.2,2,reality,smart_tv,False,13,1,0,36.4
40,estandar_con_anuncios,48.9,1,documental,tablet,False,1,3,1,2.1
47,premium,52.4,1,kids,smart_tv,True,1,0,0,44.1
16,premium,22.1,4,comedia,celular,True,2,0,0,20.4
15,estandar,42.5,3,comedia,smart_tv,True,17,0,0,56.8
29,estandar_con_anuncios,28.6,1,comedia,celular,False,0,1,0,34.3
38,estandar_con_anuncios,19.3,1,accion,celular,False,1,0,0,22.8
39,estandar,20.0,2,accion,smart_tv,True,3,1,0,17.2
10,estandar_con_anuncios,45.2,1,comedia,smart_tv,False,0,0,0,33.5
47,premium,32.9,4,comedia,smart_tv,True,7,0,0,39.4
22,basico,36.7,1,comedia,smart_tv,True,0,1,0,42.7
52,estandar,42.3,3,comedia,tablet,True,0,0,0,43.3
43,premium,57.6,1,drama,smart_tv,True,1,0,0,53.8
58,basico,55.4,1,reality,smart_tv,False,8,0,0,40.8
38,basico,36.6,1,documental,tablet,True,0,0,0,42.3
32,estandar,29.3,1,drama,smart_tv,False,0,0,0,35.6
12,estandar,52.6,2,kids,smart_tv,True,1,1,0,46.2
24,basico,17.5,1,reality,celular,False,7,0,0,15.1
51,estandar,41.7,2,comedia,consola,False,1,0,0,51.0
23,premium,27.5,1,drama,celular,True,6,0,0,24.3
4,basico,9.8,1,drama,celular,True,5,0,0,12.9
15,estandar_con_anuncios,20.0,2,drama,tablet,False,1,2,0,19.6
36,basico,33.5,2,kids,smart_tv,True,2,0,0,31.2
38,basico,2.6,1,anime,tablet,True,1,0,0,2.6
59,estandar_con_anuncios,30.4,1,drama,pc,False,1,0,0,28.3
56,estandar_con_anuncios,10.4,1,kids,consola,False,3,2,0,12.5
32,estandar,56.9,1,drama,smart_tv,True,13,1,0,66.0
33,basico,22.5,1,accion,smart_tv,True,1,0,0,26.9
48,premium,32.1,2,kids,celular,True,15,0,0,33.2
3,estandar_con_anuncios,19.4,2,comedia,celular,False,2,1,0,17.8
36,estandar_con_anuncios,7.3,1,drama,celular,False,4,1,0,7.3
28,estandar,56.4,2,accion,consola,False,2,0,0,52.1
47,premium,48.9,5,anime,celular,False,0,1,0,61.8
48,estandar_con_anuncios,19.7,1,comedia,smart_tv,False,0,0,1,1.6
39,estandar_con_anuncios,30.1,2,drama,smart_tv,False,9,0,0,29.6
39,estandar_con_anuncios,6.2,2,drama,smart_tv,False,1,0,0,5.2
41,estandar,19.1,3,accion,smart_tv,False,11,0,0,24.4
35,basico,34.0,1,accion,smart_tv,True,2,0,0,34.8
14,estandar_con_anuncios,2.7,1,kids,pc,False,0,0,1,0.9
17,estandar_con_anuncios,2.9,1,kids,celular,False,3,1,1,5.7
44,basico,41.2,1,reality,celular,True,8,1,0,37.4
37,premium,56.0,5,reality,smart_tv,True,4,0,0,52.8
15,estandar,17.4,2,comedia,celular,True,7,0,0,16.7
52,basico,20.0,2,accion,pc,True,2,1,0,15.3
58,estandar_con_anuncios,9.3,2,comedia,consola,False,0,0,0,9.8
37,estandar_con_anuncios,47.7,2,comedia,celular,False,2,0,1,1.6
14,estandar_con_anuncios,32.8,2,anime,pc,False,3,1,0,29.4
56,estandar,33.4,3,kids,celular,False,7,0,0,29.2
14,premium,54.8,3,anime,celular,False,0,0,0,49.0
26,premium,26.8,5,comedia,consola,True,9,1,0,22.8
51,premium,39.2,5,accion,smart_tv,False,0,0,0,40.9
31,premium,49.2,3,accion,smart_tv,True,0,0,0,47.8
15,premium,53.0,5,drama,smart_tv,True,1,1,0,53.5
5,estandar_con_anuncios,17.0,2,comedia,celular,False,5,2,1,3.5
22,estandar_con_anuncios,23.6,1,accion,celular,False,0,0,0,22.9
40,basico,29.5,1,drama,celular,True,10,0,0,32.7
43,estandar,36.1,3,anime,smart_tv,False,5,0,0,40.8
14,estandar_con_anuncios,14.7,2,drama,smart_tv,False,0,0,0,14.5
10,premium,39.4,4,drama,consola,True,0,0,0,41.3
42,estandar,42.0,1,kids,smart_tv,True,0,0,0,42.2
10,estandar,42.0,3,drama,consola,True,3,0,0,43.5
4,estandar_con_anuncios,21.3,2,reality,smart_tv,False,5,1,1,6.8
29,estandar_con_anuncios,2.7,2,kids,celular,False,0,0,0,2.5
34,estandar_con_anuncios,5.8,2,drama,celular,False,1,2,0,5.8
15,premium,52.2,4,kids,pc,False,2,0,0,33.7
13,estandar,58.2,1,documental,smart_tv,True,0,1,0,73.9
14,estandar,38.5,2,kids,consola,True,12,0,0,53.5
21,estandar_con_anuncios,13.6,2,reality,celular,False,0,0,1,3.0
1,basico,28.4,1,kids,celular,True,2,1,0,31.8
1,basico,8.0,2,accion,celular,True,3,1,0,9.6
22,estandar,56.5,1,comedia,smart_tv,False,1,0,0,43.0
2,estandar,38.0,3,kids,celular,False,7,0,0,44.3
19,estandar_con_anuncios,9.5,2,anime,smart_tv,False,1,0,0,8.8
35,premium,45.4,1,accion,smart_tv,True,1,0,0,64.1
2,estandar_con_anuncios,10.3,1,documental,celular,False,3,0,1,4.3
37,premium,67.8,5,accion,celular,False,2,1,0,78.9
37,estandar_con_anuncios,18.0,1,kids,smart_tv,False,3,0,0,17.4
34,estandar_con_anuncios,23.2,1,anime,smart_tv,False,0,0,0,32.4
37,premium,56.7,4,drama,smart_tv,False,2,0,0,51.5
48,estandar_con_anuncios,10.9,1,drama,smart_tv,False,2,3,0,13.2
5,basico,28.3,1,accion,celular,True,2,0,0,31.5
10,basico,29.9,1,accion,smart_tv,True,1,0,0,32.1
19,estandar_con_anuncios,0.0,2,accion,consola,False,2,0,0,0.0
41,estandar,42.2,3,drama,smart_tv,False,1,1,0,37.1
52,premium,48.6,5,comedia,smart_tv,True,17,0,1,2.4
55,premium,51.5,5,accion,consola,True,8,0,0,61.5
35,basico,28.5,2,accion,smart_tv,False,0,0,0,26.0
25,estandar,41.0,1,documental,smart_tv,True,0,2,0,49.6
25,estandar_con_anuncios,40.1,1,kids,tablet,False,0,0,0,42.6
4,estandar_con_anuncios,0.6,2,documental,tablet,False,1,0,1,1.6
28,estandar_con_anuncios,15.2,1,kids,celular,False,2,0,0,17.4
31,premium,57.6,5,documental,smart_tv,False,2,0,0,32.0
13,premium,53.3,2,accion,celular,False,2,0,0,59.2
46,estandar,45.7,2,documental,tablet,True,9,0,0,42.9
48,estandar,80.3,1,drama,tablet,False,7,0,0,97.1
18,basico,35.7,2,comedia,smart_tv,False,9,0,0,39.5
54,estandar,56.5,2,accion,smart_tv,False,0,0,0,62.6
7,estandar,31.0,3,reality,smart_tv,False,0,0,0,29.5
54,basico,14.6,1,documental,smart_tv,True,5,0,0,12.2
46,estandar_con_anuncios,17.1,1,drama,celular,False,0,0,0,15.8
14,estandar_con_anuncios,29.8,1,accion,smart_tv,False,5,0,0,20.1
39,premium,54.4,1,comedia,smart_tv,True,0,0,0,48.6
19,basico,32.6,1,kids,smart_tv,True,3,1,0,24.0
48,premium,45.8,4,reality,celular,True,0,2,0,33.9
10,estandar_con_anuncios,13.2,1,accion,smart_tv,False,1,0,0,13.5
15,estandar,33.6,1,accion,smart_tv,False,1,0,0,36.8
19,estandar_con_anuncios,30.5,2,comedia,smart_tv,False,6,3,0,30.3
12,estandar_con_anuncios,31.6,2,accion,tablet,False,0,3,0,28.8
20,estandar_con_anuncios,4.6,2,reality,smart_tv,False,4,0,0,3.8
36,estandar_con_anuncios,32.4,2,kids,celular,False,1,0,0,30.6
38,premium,38.4,4,accion,smart_tv,False,3,1,0,32.7
33,basico,34.8,2,comedia,smart_tv,True,9,2,0,34.4
12,estandar,33.1,2,drama,smart_tv,False,5,1,0,24.0
12,basico,49.5,2,drama,smart_tv,False,6,0,0,55.7
55,basico,23.3,1,drama,smart_tv,True,13,0,0,20.9
15,estandar,38.9,1,comedia,celular,True,0,3,1,5.5
7,estandar_con_anuncios,27.7,2,anime,celular,False,11,0,1,0.0
27,premium,34.1,2,accion,smart_tv,True,10,0,0,36.1
1,premium,44.0,4,comedia,smart_tv,False,3,1,1,1.2
21,estandar,32.8,2,drama,celular,False,7,0,0,20.6
51,basico,21.5,1,comedia,smart_tv,True,0,0,0,19.6
16,estandar_con_anuncios,12.7,1,reality,smart_tv,False,2,0,0,15.2
42,premium,65.2,4,comedia,smart_tv,True,2,0,0,71.2
29,basico,18.4,2,kids,smart_tv,True,16,0,1,1.6
21,estandar_con_anuncios,28.2,2,reality,celular,False,1,0,0,36.9
40,basico,33.1,1,drama,tablet,False,3,0,0,34.9
36,estandar,17.0,3,documental,tablet,False,0,0,0,16.2
19,estandar,44.4,1,anime,tablet,False,3,0,0,36.7
14,estandar,15.0,1,comedia,smart_tv,True,6,2,0,13.7
55,estandar,49.0,2,drama,smart_tv,True,4,0,0,45.4
10,estandar_con_anuncios,11.2,2,anime,smart_tv,False,0,2,0,10.0
57,premium,49.9,5,reality,smart_tv,True,0,0,0,41.7
28,basico,7.9,1,accion,smart_tv,True,4,0,0,8.5
59,estandar,41.8,1,accion,smart_tv,True,3,1,0,54.6
21,estandar_con_anuncios,33.7,2,drama,celular,False,2,1,1,3.1
34,premium,35.7,1,reality,smart_tv,True,1,0,0,33.6
37,estandar_con_anuncios,12.0,2,accion,smart_tv,False,0,0,0,14.2
20,estandar_con_anuncios,26.5,2,drama,celular,False,6,1,0,28.2
13,basico,33.3,2,kids,smart_tv,False,3,0,0,33.1
31,estandar_con_anuncios,0.0,2,anime,consola,False,5,0,1,5.5
40,estandar_con_anuncios,51.6,2,reality,smart_tv,False,5,0,0,49.7
16,estandar,44.3,1,comedia,celular,False,2,0,0,49.5
46,basico,39.3,2,drama,smart_tv,True,2,1,0,40.3
38,premium,46.0,2,anime,celular,True,0,0,0,40.0
10,basico,0.0,2,anime,smart_tv,True,2,1,1,4.6
56,estandar,49.8,3,accion,smart_tv,False,2,1,0,52.5
3,basico,16.8,2,documental,celular,False,1,3,1,3.6
39,estandar,46.4,1,accion,smart_tv,True,8,0,0,43.8
26,estandar,33.9,1,comedia,smart_tv,False,4,0,0,27.0
39,basico,31.8,1,drama,consola,True,0,0,0,39.0
46,premium,37.2,1,drama,smart_tv,True,10,0,0,44.2
41,basico,41.4,1,comedia,celular,False,3,0,0,26.6
39,estandar_con_anuncios,3.4,2,reality,celular,False,1,1,1,2.0
50,estandar,72.9,3,drama,smart_tv,False,11,0,0,70.2
42,premium,82.1,2,comedia,celular,True,2,0,0,84.9
49,estandar_con_anuncios,46.6,1,accion,smart_tv,False,7,1,0,56.1
24,basico,46.1,1,drama,celular,True,3,1,0,59.8
12,premium,44.7,4,drama,smart_tv,True,1,0,0,52.8
14,estandar,53.7,3,accion,smart_tv,True,5,1,0,56.0
37,premium,46.6,2,comedia,smart_tv,False,1,0,0,35.1
32,estandar,14.4,1,documental,consola,False,1,1,0,9.1
5,estandar,58.0,3,reality,pc,True,2,0,0,67.2
13,basico,43.0,2,drama,tablet,True,1,0,0,53.4
58,premium,49.4,2,reality,celular,True,3,0,0,42.2
43,basico,10.2,1,reality,celular,True,6,0,0,9.7
45,estandar,30.0,1,reality,celular,False,2,1,0,27.0
12,basico,0.0,2,documental,consola,True,2,0,0,0.0
4,estandar,49.5,1,documental,celular,False,0,0,0,59.1
18,estandar,12.5,2,documental,smart_tv,True,2,0,0,13.0
51,estandar,43.6,2,kids,celular,True,0,0,0,41.8
30,premium,34.8,2,drama,celular,False,1,1,0,51.4
47,basico,7.5,1,anime,smart_tv,True,1,0,0,5.6
29,estandar,41.0,2,accion,smart_tv,True,3,1,0,45.0
29,basico,22.4,1,kids,smart_tv,False,5,1,0,18.2
36,basico,40.6,2,comedia,pc,True,2,0,0,39.4
57,basico,10.7,2,drama,smart_tv,True,0,1,0,11.0
26,estandar_con_anuncios,8.8,1,accion,pc,False,10,0,0,10.1
36,estandar_con_anuncios,0.0,1,accion,smart_tv,False,0,0,1,2.0
55,estandar,6.8,3,accion,pc,True,2,0,0,6.4
22,estandar,63.8,1,comedia,smart_tv,True,12,0,0,60.6
50,estandar,70.4,2,comedia,consola,False,10,0,0,56.7
32,estandar_con_anuncios,22.1,1,accion,celular,False,3,0,0,24.6
52,basico,17.0,1,comedia,smart_tv,True,4,1,0,17.9
28,estandar_con_anuncios,15.9,2,anime,smart_tv,False,7,0,0,17.1
38,estandar,51.3,1,drama,smart_tv,True,1,2,0,50.7
20,premium,39.0,2,comedia,smart_tv,True,4,0,0,37.6
38,estandar_con_anuncios,24.7,2,comedia,celular,False,1,0,1,5.5
20,estandar,36.5,1,accion,tablet,False,5,0,0,43.2
36,estandar_con_anuncios,12.5,2,accion,celular,False,2,0,0,15.7
47,estandar_con_anuncios,14.0,1,documental,celular,False,1,0,0,14.9
26,estandar_con_anuncios,24.6,1,anime,smart_tv,False,7,2,0,30.6
26,estandar_con_anuncios,5.5,1,comedia,pc,False,0,2,0,5.1
20,estandar,43.4,1,kids,pc,True,4,0,0,41.8
44,premium,41.6,2,drama,smart_tv,True,0,0,0,50.5
35,estandar_con_anuncios,22.8,2,comedia,tablet,False,2,0,0,26.3
31,estandar,58.3,1,accion,smart_tv,True,7,0,0,55.3
2,estandar,32.6,1,drama,pc,False,6,0,0,26.5
7,premium,59.4,2,documental,tablet,False,2,1,0,57.2
1,estandar,8.2,1,documental,celular,True,1,1,1,0.2
51,estandar_con_anuncios,15.2,1,kids,smart_tv,False,1,0,0,19.9
51,estandar,39.7,3,accion,celular,True,0,0,0,45.1
5,basico,54.3,2,documental,smart_tv,True,0,0,1,1.5
3,premium,15.9,3,comedia,pc,True,1,2,0,12.9
47,basico,27.5,2,drama,smart_tv,False,0,0,0,23.6
31,estandar,59.4,1,drama,celular,False,5,0,0,53.4
19,estandar_con_anuncios,7.8,1,documental,consola,False,0,0,0,7.6
37,basico,24.9,2,anime,smart_tv,False,6,1,0,29.9
14,premium,51.1,1,drama,smart_tv,False,0,1,0,42.2
12,estandar,38.8,1,accion,celular,True,7,0,0,54.8
22,basico,50.3,1,kids,smart_tv,True,4,0,0,41.8
53,premium,56.1,5,reality,smart_tv,False,0,1,0,41.9
46,premium,68.7,5,accion,smart_tv,False,4,0,0,89.6
12,basico,20.6,1,documental,smart_tv,True,16,0,0,25.5
34,estandar,26.7,1,kids,celular,False,2,2,0,25.8
53,basico,26.0,2,reality,celular,True,1,0,0,27.8
57,estandar,22.4,3,drama,smart_tv,True,4,0,0,24.0
46,basico,36.1,1,anime,celular,False,5,0,0,37.0
8,estandar_con_anuncios,12.9,1,drama,smart_tv,False,3,1,0,9.9
15,premium,36.2,5,reality,smart_tv,True,0,1,0,20.0
13,premium,53.6,1,drama,celular,False,0,0,0,45.5
9,premium,28.6,4,drama,smart_tv,False,10,1,0,37.9
11,premium,57.5,2,drama,celular,True,3,2,1,3.9
19,estandar,29.4,3,accion,consola,False,1,1,0,28.0
33,estandar,55.1,3,comedia,celular,True,3,0,0,45.6
24,estandar,31.1,2,drama,celular,False,3,0,0,32.7
25,basico,36.6,2,accion,smart_tv,True,0,2,0,39.5
15,basico,28.9,2,comedia,smart_tv,False,0,0,0,32.0
9,estandar_con_anuncios,29.9,2,kids,smart_tv,False,1,0,0,16.3
59,estandar,41.6,3,reality,pc,True,16,0,0,65.2
36,estandar_con_anuncios,0.0,2,documental,pc,False,1,1,0,0.0
14,estandar_con_anuncios,34.3,2,drama,smart_tv,False,3,0,0,33.1
48,estandar,37.7,1,comedia,smart_tv,False,0,0,1,6.1
50,basico,41.0,1,reality,smart_tv,False,1,0,0,48.3
58,estandar_con_anuncios,33.2,2,drama,celular,False,1,0,1,5.0
10,premium,34.2,4,comedia,celular,False,4,0,0,34.8
38,premium,34.4,3,anime,celular,True,1,0,0,37.2
58,estandar_con_anuncios,32.7,2,anime,consola,False,10,0,0,32.0
48,estandar_con_anuncios,17.5,1,comedia,smart_tv,False,0,3,0,18.8
14,basico,40.2,1,documental,celular,False,8,0,0,45.5
53,estandar,36.7,2,accion,celular,True,0,1,0,39.0
25,premium,62.4,4,kids,smart_tv,False,7,0,0,65.7
29,estandar_con_anuncios,26.8,1,drama,consola,False,2,0,0,33.5
33,estandar,42.1,3,drama,smart_tv,True,18,0,1,2.0
46,estandar_con_anuncios,16.2,2,documental,celular,False,0,0,0,13.9
8,basico,29.2,1,comedia,celular,False,3,0,0,29.3
32,premium,65.6,4,documental,consola,True,14,0,0,57.0
49,estandar_con_anuncios,21.3,2,comedia,celular,False,3,2,0,19.8
33,estandar_con_anuncios,28.7,2,reality,smart_tv,False,11,0,0,35.4
17,basico,27.1,1,reality,pc,True,0,2,0,26.4
4,estandar,37.2,2,accion,pc,False,1,0,0,25.0
33,premium,73.6,4,kids,celular,False,1,0,0,68.0
42,premium,66.5,4,comedia,pc,False,3,0,0,67.2
33,estandar_con_anuncios,21.9,2,accion,smart_tv,False,2,0,0,22.1
58,estandar_con_anuncios,26.1,2,drama,celular,False,0,0,0,28.7
36,estandar,27.5,3,reality,consola,True,4,0,0,29.8
30,estandar_con_anuncios,17.9,1,reality,smart_tv,False,1,0,0,17.5
4,premium,50.0,4,reality,celular,False,11,1,0,39.3
33,estandar,50.5,1,reality,tablet,True,1,0,0,46.5
10,estandar_con_anuncios,30.1,1,anime,pc,False,5,3,1,2.8
43,premium,31.9,4,comedia,consola,True,3,0,0,30.3
10,estandar_con_anuncios,33.5,1,anime,smart_tv,False,8,0,1,0.4
54,basico,28.2,1,accion,tablet,True,0,0,0,30.3
18,estandar,21.7,1,accion,smart_tv,False,0,0,0,24.9
26,estandar,57.2,2,accion,celular,False,0,2,0,53.2
9,estandar,57.7,3,comedia,celular,True,0,1,0,73.4
13,estandar,40.0,2,comedia,pc,False,4,0,0,44.8
55,premium,60.2,3,comedia,consola,False,1,0,0,61.4
17,premium,57.9,4,drama,celular,True,6,1,0,64.2
31,estandar,58.5,3,accion,celular,False,3,0,0,51.4
58,estandar_con_anuncios,33.8,2,reality,smart_tv,False,10,0,0,21.0
37,estandar,18.2,2,documental,celular,True,1,0,1,4.5
3,premium,75.4,3,accion,celular,True,1,0,0,85.5
22,basico,42.8,2,accion,smart_tv,True,4,0,0,43.4
23,basico,19.3,1,accion,celular,True,0,0,0,18.8
17,basico,11.0,1,drama,consola,True,13,2,0,9.3
15,estandar_con_anuncios,26.8,2,reality,celular,False,0,0,0,17.4
30,estandar,33.3,3,drama,pc,False,3,2,0,41.8
23,basico,31.9,1,kids,smart_tv,False,4,1,0,30.7
18,estandar,47.7,3,kids,celular,True,6,0,0,44.0
25,premium,38.6,2,accion,smart_tv,True,1,0,0,33.9
21,premium,30.0,5,reality,smart_tv,True,2,0,0,36.8
14,basico,32.0,1,comedia,celular,False,1,1,0,37.1
27,basico,19.2,1,reality,smart_tv,False,0,0,0,15.9
56,estandar,41.9,1,kids,smart_tv,True,5,2,0,50.7
30,premium,27.4,1,kids,celular,False,4,0,0,26.7
36,basico,24.2,2,documental,smart_tv,False,10,0,0,21.5
59,premium,60.6,2,reality,smart_tv,False,1,0,0,57.4
37,estandar_con_anuncios,30.2,2,anime,smart_tv,False,0,0,0,25.9
14,premium,34.3,1,accion,celular,True,0,1,0,26.1
24,estandar_con_anuncios,2.5,1,reality,smart_tv,False,0,1,0,2.8
29,estandar_con_anuncios,20.7,2,kids,celular,False,4,0,0,19.9
29,estandar,45.8,3,accion,celular,True,0,0,0,50.9
9,estandar_con_anuncios,24.8,1,anime,smart_tv,False,1,0,0,26.1
7,estandar_con_anuncios,10.9,1,comedia,consola,False,2,0,0,12.0
21,estandar_con_anuncios,24.2,1,accion,smart_tv,False,2,0,1,0.0
54,basico,52.0,2,drama,celular,False,13,0,0,43.9
43,estandar,41.7,3,comedia,smart_tv,True,0,1,0,46.0
50,estandar_con_anuncios,0.0,2,reality,celular,False,0,0,0,0.0
11,estandar,39.0,3,comedia,smart_tv,True,5,0,0,41.6
25,premium,77.7,5,comedia,consola,False,6,1,0,58.2
35,estandar_con_anuncios,1.6,2,comedia,smart_tv,False,7,1,0,1.6
26,estandar_con_anuncios,20.6,1,accion,celular,False,5,1,0,26.6
25,premium,43.7,2,reality,smart_tv,False,1,0,0,49.8
22,premium,48.3,2,reality,smart_tv,False,4,0,0,32.2
4,estandar,38.2,1,drama,smart_tv,False,7,1,0,44.0
51,premium,66.3,4,accion,celular,True,6,0,0,88.0
56,estandar_con_anuncios,23.9,1,accion,celular,False,0,0,0,35.9
5,basico,44.6,2,documental,tablet,False,1,0,0,48.4
25,estandar,35.3,1,accion,celular,True,0,0,0,26.6
31,estandar_con_anuncios,15.3,1,comedia,tablet,False,7,3,0,16.5
47,estandar,28.9,1,accion,smart_tv,True,3,0,0,37.2
59,estandar,12.7,1,accion,pc,True,1,0,0,12.3
25,estandar,41.2,3,accion,celular,False,0,2,0,48.9
45,basico,59.6,1,accion,celular,True,0,2,0,50.6
56,basico,36.5,1,reality,tablet,True,5,0,0,38.9
49,estandar_con_anuncios,32.4,2,kids,celular,False,0,2,0,17.9
18,estandar_con_anuncios,13.3,2,comedia,consola,False,3,0,0,11.0
49,estandar,35.4,3,reality,celular,False,1,1,0,35.4
25,estandar_con_anuncios,34.9,2,reality,smart_tv,False,0,0,0,32.6
2,estandar_con_anuncios,48.3,1,drama,celular,False,0,0,1,2.3
45,estandar_con_anuncios,44.1,1,accion,celular,False,1,0,0,40.1
50,estandar_con_anuncios,34.2,2,comedia,consola,False,2,1,0,36.2
21,premium,47.3,2,kids,pc,False,9,0,0,46.6
27,basico,30.4,1,comedia,smart_tv,False,1,0,0,30.7
22,premium,35.5,3,documental,smart_tv,True,0,1,0,40.2
7,estandar_con_anuncios,0.0,1,comedia,smart_tv,False,3,0,1,1.5
59,estandar,23.0,3,accion,celular,False,0,2,0,28.6
2,basico,25.9,2,anime,smart_tv,True,11,0,0,21.3
33,basico,23.4,2,comedia,celular,True,8,0,0,31.5
1,premium,23.0,4,reality,celular,True,5,0,0,27.6
41,premium,47.9,5,anime,pc,True,9,0,0,44.8
54,premium,44.7,5,reality,smart_tv,False,2,0,0,42.4
38,estandar_con_anuncios,3.6,1,drama,celular,False,7,0,0,3.7
36,estandar_con_anuncios,15.4,2,reality,smart_tv,False,2,0,1,2.0
49,estandar,34.3,1,drama,consola,False,20,0,0,41.1
58,estandar_con_anuncios,13.6,1,comedia,smart_tv,False,3,0,0,10.3
51,estandar,53.2,2,reality,smart_tv,True,3,1,0,57.4
14,estandar,7.6,2,kids,smart_tv,True,2,0,0,4.7
34,estandar,8.0,1,accion,pc,True,3,0,0,7.7
49,premium,49.1,5,comedia,smart_tv,True,14,2,0,61.9
18,estandar,37.9,1,reality,celular,False,0,0,0,28.2
40,estandar_con_anuncios,27.4,2,kids,celular,False,0,0,0,19.5
2,estandar_con_anuncios,10.1,2,accion,pc,False,2,2,1,2.5
52,estandar,25.6,2,reality,smart_tv,True,3,0,0,32.0
37,basico,28.0,2,comedia,smart_tv,True,1,3,0,29.6
44,estandar_con_anuncios,15.0,1,drama,smart_tv,False,0,0,0,9.9
49,basico,52.3,1,documental,smart_tv,False,6,0,1,4.7
13,estandar,31.2,1,anime,celular,True,1,0,0,31.7
27,premium,46.5,5,comedia,smart_tv,True,6,0,0,36.6
51,estandar,76.4,2,comedia,smart_tv,False,17,3,0,78.3
10,basico,22.9,2,drama,smart_tv,False,10,0,0,23.7
49,estandar_con_anuncios,30.4,1,reality,celular,False,0,3,1,0.0
17,estandar,46.1,1,comedia,smart_tv,True,1,1,0,61.2
34,basico,38.8,1,accion,celular,False,1,2,0,42.9
31,estandar,41.9,1,anime,smart_tv,True,5,2,0,51.0
41,estandar,41.3,1,drama,tablet,False,6,0,0,48.1
50,estandar_con_anuncios,23.7,2,accion,celular,False,0,3,0,23.1
21,estandar_con_anuncios,11.1,2,accion,smart_tv,False,2,1,0,10.7
11,estandar_con_anuncios,23.8,1,reality,smart_tv,False,8,0,0,22.5
25,premium,77.5,3,comedia,smart_tv,False,3,1,0,87.0
37,estandar,56.2,1,comedia,smart_tv,True,3,0,0,49.6
45,estandar_con_anuncios,26.3,2,drama,smart_tv,False,1,0,0,34.5
45,premium,61.6,4,kids,consola,False,2,0,0,53.3
21,basico,13.7,1,kids,celular,True,4,0,0,14.2
56,basico,25.8,2,drama,smart_tv,True,5,0,0,24.7
5,premium,59.6,5,comedia,celular,True,8,0,0,54.8
7,estandar_con_anuncios,40.9,1,reality,smart_tv,False,0,1,0,56.9
2,estandar_con_anuncios,6.6,1,drama,tablet,False,4,1,1,2.1
55,estandar,32.3,1,comedia,smart_tv,True,3,2,0,30.5
11,estandar_con_anuncios,51.6,2,accion,celular,False,0,2,1,5.0
36,estandar,39.4,2,comedia,pc,False,2,2,1,5.4
48,estandar_con_anuncios,49.4,2,comedia,smart_tv,False,2,0,0,48.5
46,estandar_con_anuncios,24.9,2,accion,smart_tv,False,0,0,0,19.9
56,estandar_con_anuncios,26.4,1,drama,smart_tv,False,1,2,0,24.4
4,basico,20.8,2,accion,consola,True,10,0,1,0.0
25,estandar_con_anuncios,34.2,2,kids,celular,False,8,0,0,40.5
30,estandar_con_anuncios,40.9,2,accion,celular,False,5,0,1,5.2
42,premium,33.0,4,drama,pc,False,1,0,0,33.4
37,basico,22.8,1,reality,pc,True,2,1,0,21.3
34,basico,41.6,1,drama,celular,False,12,0,0,37.8
19,estandar_con_anuncios,17.6,2,kids,celular,False,9,1,1,2.2
7,basico,18.2,2,comedia,celular,True,7,0,0,13.1
26,estandar_con_anuncios,35.3,2,kids,smart_tv,False,1,0,0,30.8
16,estandar,52.9,1,drama,consola,False,0,0,0,61.5
33,estandar_con_anuncios,14.0,2,drama,smart_tv,False,0,0,0,12.9
48,premium,52.2,1,accion,smart_tv,True,0,1,0,48.9
33,premium,29.6,1,drama,pc,True,3,0,0,27.7
35,estandar_con_anuncios,7.5,2,comedia,smart_tv,False,3,0,1,2.2
3,estandar_con_anuncios,20.1,1,kids,smart_tv,False,11,0,0,16.7
39,estandar_con_anuncios,21.7,1,reality,smart_tv,False,3,1,0,22.8
26,estandar,22.7,2,drama,celular,False,0,3,0,22.4
8,estandar_con_anuncios,7.9,2,reality,pc,False,6,1,0,8.0
13,premium,30.1,1,kids,smart_tv,True,1,0,0,31.4
47,estandar,45.7,2,reality,smart_tv,True,8,2,0,46.2
55,premium,20.1,4,kids,celular,True,0,0,0,23.0
30,estandar,22.3,2,documental,tablet,True,1,0,0,22.2
58,premium,21.9,2,accion,smart_tv,True,16,0,0,28.8
11,estandar_con_anuncios,25.2,2,documental,tablet,False,1,0,0,25.4
18,basico,0.0,1,reality,consola,True,0,0,0,0.0
55,basico,30.1,2,drama,smart_tv,False,1,0,0,33.6
11,premium,70.5,2,comedia,pc,True,1,0,0,75.5
39,estandar,63.4,2,drama,celular,True,1,0,0,63.8
13,premium,19.0,4,anime,celular,False,5,0,0,18.1
20,estandar_con_anuncios,24.1,1,accion,smart_tv,False,3,0,0,14.9
29,premium,32.6,5,documental,pc,False,4,1,0,21.2
22,basico,8.9,2,reality,pc,False,4,1,0,11.5
52,basico,27.6,1,anime,pc,True,0,0,0,24.7
58,premium,68.3,2,drama,tablet,False,0,0,0,80.2
30,basico,36.5,2,kids,celular,False,8,0,0,26.0
31,basico,16.9,1,reality,pc,False,8,0,0,13.7
4,estandar,45.9,1,drama,consola,True,2,0,0,51.5
14,estandar_con_anuncios,0.0,2,kids,smart_tv,False,1,0,1,3.6
3,basico,14.0,1,comedia,smart_tv,True,2,1,1,3.9
51,estandar_con_anuncios,9.9,1,documental,smart_tv,False,2,1,0,9.9
14,estandar_con_anuncios,20.3,1,accion,consola,False,9,1,0,19.5
21,premium,43.7,5,comedia,smart_tv,True,0,0,0,38.4
50,estandar,37.0,2,drama,celular,True,3,1,0,29.0
43,basico,26.0,2,drama,smart_tv,True,1,1,0,32.6
37,basico,28.4,1,drama,smart_tv,True,8,2,0,36.4
3,basico,33.4,1,documental,celular,True,4,1,0,27.2
34,estandar,40.1,3,comedia,smart_tv,False,2,1,0,32.1
34,premium,43.6,2,drama,consola,True,5,1,0,40.9
19,premium,52.6,3,kids,smart_tv,True,15,0,0,55.8
44,basico,41.1,1,kids,consola,True,1,0,0,39.8
55,basico,21.2,2,accion,smart_tv,True,4,0,0,23.1
16,basico,25.4,2,anime,tablet,False,10,0,0,25.2
20,estandar,54.1,2,comedia,celular,True,6,0,0,53.0
20,basico,10.1,2,reality,smart_tv,False,0,0,0,14.5
50,estandar,66.2,1,drama,smart_tv,False,6,0,0,59.9
5,estandar,15.3,1,kids,smart_tv,False,4,0,0,19.8
53,basico,24.2,1,anime,celular,False,8,2,0,30.5
46,basico,14.6,2,reality,pc,True,2,0,0,15.9
29,basico,60.2,1,accion,smart_tv,False,2,0,0,39.3
35,estandar_con_anuncios,13.4,2,documental,smart_tv,False,6,0,0,13.5
53,estandar_con_anuncios,14.9,2,comedia,celular,False,1,0,1,3.8
46,estandar,33.3,1,documental,celular,True,3,1,0,33.4
17,basico,27.9,2,kids,celular,True,8,0,0,22.6
3,estandar_con_anuncios,13.3,2,anime,celular,False,0,0,0,15.1
39,estandar,36.3,2,accion,celular,False,4,0,0,42.7
9,estandar,0.0,2,drama,tablet,False,15,0,0,0.0
6,estandar_con_anuncios,19.4,1,accion,smart_tv,False,3,1,0,18.1
58,premium,50.1,4,drama,smart_tv,True,5,2,0,40.5
28,premium,62.9,1,comedia,smart_tv,True,12,2,0,66.9
39,estandar,57.9,2,comedia,celular,False,1,0,0,76.2
13,estandar,33.3,2,kids,smart_tv,True,0,1,0,33.7
7,estandar_con_anuncios,30.8,1,drama,tablet,False,0,1,1,3.1
4,premium,28.8,3,drama,celular,False,1,1,0,27.6
21,basico,38.3,2,drama,celular,False,17,0,1,4.9
1,premium,36.5,5,reality,pc,False,1,0,0,40.8
25,estandar,19.3,1,kids,smart_tv,False,11,0,0,18.9
20,estandar_con_anuncios,16.9,2,drama,pc,False,1,0,1,0.0
32,estandar_con_anuncios,41.7,2,drama,smart_tv,False,5,1,0,45.5
35,estandar,40.6,3,accion,celular,True,0,0,0,43.1
19,estandar,59.0,2,comedia,tablet,False,3,0,0,64.9
27,estandar_con_anuncios,9.0,2,accion,pc,False,2,1,0,7.6
5,estandar,51.1,1,accion,consola,False,0,0,0,42.7
18,premium,36.7,1,anime,smart_tv,True,7,3,0,36.4
58,basico,33.2,2,comedia,pc,True,3,1,0,33.1
59,basico,33.2,2,documental,celular,True,0,1,0,30.1
29,estandar_con_anuncios,30.3,1,drama,celular,False,4,1,1,3.1
56,estandar,43.4,3,anime,smart_tv,False,5,0,0,50.5
30,basico,16.4,2,anime,smart_tv,True,1,0,0,19.9
8,premium,58.9,3,kids,celular,True,0,2,0,73.9
52,basico,55.3,1,accion,smart_tv,True,4,0,0,42.2
25,estandar,28.3,3,drama,celular,True,7,0,0,22.4
37,estandar_con_anuncios,0.0,2,reality,pc,False,6,0,1,4.8
39,estandar_con_anuncios,28.7,2,kids,consola,False,2,0,0,29.1
19,estandar,31.6,3,comedia,smart_tv,True,2,0,0,30.2
44,basico,26.7,2,accion,tablet,True,3,0,0,24.0
30,estandar,45.8,3,accion,smart_tv,True,0,0,0,43.3
22,premium,40.0,4,reality,celular,True,4,1,0,43.5
18,premium,42.5,5,kids,pc,True,4,0,0,32.3
45,premium,47.2,4,documental,smart_tv,False,10,0,0,67.1
15,estandar_con_anuncios,41.3,2,documental,smart_tv,False,20,0,1,1.9
8,estandar,36.1,1,comedia,smart_tv,False,1,0,0,42.9
53,premium,30.9,2,comedia,celular,True,1,0,0,27.7
20,basico,8.7,1,drama,pc,False,2,0,0,9.6
38,estandar_con_anuncios,23.3,1,kids,smart_tv,False,0,1,0,23.7
43,premium,31.6,3,accion,smart_tv,False,0,0,0,36.5
50,basico,5.7,2,accion,celular,False,2,1,0,5.5
37,estandar,47.6,1,comedia,smart_tv,True,7,0,0,60.9
42,premium,58.8,1,drama,celular,False,6,0,0,43.0
50,estandar,33.6,2,accion,tablet,False,1,0,0,39.3
56,basico,34.1,2,comedia,pc,False,0,2,0,34.8
3,basico,28.1,1,drama,consola,False,0,0,1,0.0
44,basico,37.7,1,kids,celular,False,0,0,0,50.9
11,estandar_con_anuncios,28.0,2,comedia,pc,False,4,0,0,37.3
53,estandar,0.3,1,comedia,smart_tv,False,1,0,0,0.2
3,premium,41.6,1,accion,smart_tv,False,8,1,0,42.9
15,estandar_con_anuncios,27.0,2,reality,celular,False,3,3,0,30.4
12,basico,19.8,2,comedia,smart_tv,False,0,0,0,21.4
36,premium,48.5,4,kids,consola,True,0,0,0,61.7
1,estandar_con_anuncios,29.3,1,anime,celular,False,3,0,0,36.2
2,estandar,36.4,2,documental,tablet,True,0,3,0,38.1
30,basico,50.1,2,accion,smart_tv,False,1,0,0,70.6
58,estandar,56.7,1,kids,celular,False,1,0,0,66.3
32,estandar_con_anuncios,18.9,2,accion,celular,False,2,2,0,17.7
27,estandar,34.3,2,comedia,smart_tv,False,2,2,0,30.9
39,basico,0.0,2,accion,celular,False,5,0,1,3.2
33,estandar,32.9,1,comedia,celular,True,1,0,0,28.2
23,estandar_con_anuncios,0.0,2,drama,tablet,False,14,1,1,5.5
35,basico,31.2,2,comedia,celular,False,5,1,0,29.9
1,estandar,37.4,2,drama,smart_tv,False,1,0,1,3.6
15,estandar_con_anuncios,29.7,2,comedia,celular,False,0,0,0,28.7
40,estandar_con_anuncios,42.3,1,accion,celular,False,1,0,1,2.1
21,estandar_con_anuncios,19.4,2,anime,smart_tv,False,4,0,0,23.5
4,basico,59.5,1,drama,smart_tv,False,1,0,1,0.3
8,estandar_con_anuncios,22.2,1,documental,smart_tv,False,0,1,0,30.3
52,premium,29.7,3,accion,smart_tv,True,6,0,0,31.3
20,basico,18.2,2,drama,celular,True,5,0,0,22.4
2,premium,39.6,2,comedia,smart_tv,True,11,1,0,44.1
43,premium,57.5,3,drama,celular,True,0,0,0,71.1
32,estandar_con_anuncios,6.5,1,drama,smart_tv,False,5,0,0,7.2
27,estandar,32.8,2,comedia,celular,True,1,2,1,2.0
53,premium,47.0,4,comedia,smart_tv,True,8,0,0,56.2
19,estandar,29.9,2,accion,consola,True,9,2,0,43.3
34,basico,40.0,2,drama,smart_tv,True,4,0,0,38.1
44,basico,38.3,1,drama,celular,False,0,0,0,43.8
36,estandar_con_anuncios,38.5,2,drama,smart_tv,False,3,0,0,38.5
13,estandar,31.1,3,accion,smart_tv,True,0,0,0,33.9
41,premium,66.5,3,comedia,celular,False,0,0,0,67.0
44,premium,28.2,4,accion,pc,False,0,0,0,17.2
8,estandar_con_anuncios,0.0,2,comedia,consola,False,6,0,1,3.0
10,estandar,17.6,3,drama,smart_tv,False,2,0,0,20.8
40,basico,28.5,1,anime,smart_tv,True,11,1,0,24.6
8,premium,63.7,5,drama,celular,False,4,0,0,74.3
52,estandar_con_anuncios,13.3,1,drama,celular,False,1,0,0,13.7
7,premium,38.4,3,drama,smart_tv,True,6,0,0,37.1
58,premium,46.6,2,anime,pc,True,0,0,0,54.2
40,estandar_con_anuncios,29.9,2,documental,celular,False,0,0,1,5.1
27,estandar_con_anuncios,13.1,2,documental,celular,False,1,0,0,14.1
16,premium,38.3,3,anime,smart_tv,True,8,1,0,45.3
21,estandar_con_anuncios,0.0,1,drama,smart_tv,False,22,0,1,3.1
45,estandar,30.2,2,anime,smart_tv,False,0,0,0,21.3
45,premium,66.4,2,drama,pc,True,3,1,0,61.9
13,estandar,37.4,2,documental,smart_tv,True,1,0,0,25.3
33,basico,16.7,1,accion,pc,True,7,0,0,18.7
59,basico,48.5,2,comedia,pc,False,5,1,0,56.3
16,estandar_con_anuncios,10.6,1,anime,celular,False,0,1,0,12.4
41,premium,69.7,2,drama,smart_tv,False,1,0,0,75.8
11,basico,47.0,1,anime,smart_tv,True,0,0,0,55.2
50,estandar_con_anuncios,23.0,1,comedia,celular,False,0,0,1,4.5
11,estandar_con_anuncios,0.0,1,documental,celular,False,3,0,0,0.0
18,premium,80.8,5,anime,consola,True,3,0,0,60.2
28,estandar_con_anuncios,26.1,2,drama,smart_tv,False,11,0,0,24.4
22,premium,42.0,3,anime,consola,True,2,1,0,54.2
11,estandar,50.3,2,accion,smart_tv,False,0,2,0,60.2
38,premium,58.7,2,kids,smart_tv,True,3,0,0,65.7
2,premium,64.8,4,drama,smart_tv,True,4,0,0,62.7
59,premium,40.0,5,accion,celular,True,1,0,0,32.8
4,premium,50.1,3,documental,smart_tv,True,0,0,0,51.8
20,estandar_con_anuncios,1.9,2,accion,smart_tv,False,4,0,0,2.3
55,estandar,49.6,2,drama,pc,True,0,2,0,53.3
10,estandar,35.5,2,comedia,celular,True,10,0,0,25.4
5,estandar,39.6,2,reality,smart_tv,True,4,0,0,40.3
44,premium,46.5,2,drama,smart_tv,False,1,0,0,30.5
5,premium,41.7,2,kids,celular,False,1,3,0,47.7
54,estandar,26.5,1,anime,smart_tv,False,1,0,0,23.2
27,basico,39.1,1,drama,smart_tv,True,0,1,0,30.5
52,basico,51.7,1,drama,celular,False,6,1,0,59.3
15,basico,17.9,2,documental,smart_tv,True,0,0,0,19.7
9,basico,34.1,2,drama,celular,True,2,0,0,35.5
57,basico,36.2,1,accion,smart_tv,False,0,0,0,50.5
45,estandar_con_anuncios,21.9,2,kids,smart_tv,False,5,0,0,24.4
54,estandar_con_anuncios,0.0,2,accion,smart_tv,False,1,0,1,3.6
19,estandar,17.1,1,comedia,smart_tv,False,1,0,0,18.7
24,basico,15.3,2,kids,smart_tv,False,2,1,0,14.5
35,premium,15.8,2,accion,smart_tv,True,2,1,0,19.4
27,estandar,58.4,3,drama,consola,True,11,0,0,61.4
15,estandar_con_anuncios,24.8,2,accion,pc,False,2,0,0,26.5
23,estandar_con_anuncios,19.5,1,reality,smart_tv,False,0,0,0,14.4
36,estandar_con_anuncios,0.0,1,documental,celular,False,0,0,0,0.0
3,premium,17.9,2,accion,celular,True,10,1,0,17.7
20,estandar_con_anuncios,19.6,2,comedia,pc,False,10,0,0,16.0
18,estandar,66.1,2,drama,smart_tv,False,2,1,0,63.5
5,premium,34.9,4,comedia,smart_tv,False,3,0,0,37.6
8,premium,58.6,4,drama,smart_tv,True,0,1,0,58.6
30,estandar_con_anuncios,13.3,1,anime,smart_tv,False,0,0,1,0.1
7,estandar_con_anuncios,19.4,1,comedia,smart_tv,False,1,0,0,18.4
21,estandar_con_anuncios,38.0,2,reality,consola,False,6,1,0,34.8
34,estandar_con_anuncios,15.6,2,drama,consola,False,2,0,0,16.1
52,estandar_con_anuncios,12.0,1,comedia,smart_tv,False,1,0,0,12.2
6,estandar,56.8,2,comedia,celular,True,1,1,0,52.6
26,premium,47.9,3,comedia,smart_tv,False,8,0,0,44.0
7,estandar,52.0,1,kids,celular,False,0,0,0,52.6
26,estandar,26.9,1,anime,celular,False,0,0,0,31.6
29,estandar_con_anuncios,41.5,1,reality,smart_tv,False,3,0,0,43.6
48,premium,53.1,4,drama,pc,True,1,0,0,66.7
27,estandar,43.8,2,kids,tablet,True,13,1,0,52.7
56,premium,51.6,4,drama,celular,True,3,0,0,65.5
9,premium,38.2,4,reality,celular,True,20,0,0,47.6
4,basico,25.3,1,accion,celular,False,0,0,0,32.4
1,estandar_con_anuncios,11.4,1,comedia,smart_tv,False,5,0,0,9.0
22,estandar_con_anuncios,34.2,1,drama,smart_tv,False,19,1,1,2.6
12,basico,23.0,1,drama,celular,True,1,0,0,28.0
6,premium,23.1,1,comedia,smart_tv,True,5,0,0,28.9
14,basico,1.0,2,reality,pc,True,2,0,0,0.9
58,estandar,13.9,2,kids,smart_tv,True,0,1,0,15.5
48,estandar,48.3,3,anime,smart_tv,False,4,0,0,49.0
2,estandar_con_anuncios,0.9,1,drama,smart_tv,False,1,0,1,4.8
55,basico,34.1,2,accion,tablet,True,0,2,0,25.6
13,estandar,38.1,3,comedia,smart_tv,True,1,0,0,32.8
24,estandar,36.0,3,accion,smart_tv,False,1,0,1,3.6
20,basico,33.2,1,comedia,smart_tv,True,0,1,0,34.1
24,estandar_con_anuncios,22.4,2,comedia,celular,False,1,2,1,4.0
45,estandar,0.0,2,accion,tablet,False,5,0,0,0.0
43,estandar_con_anuncios,16.7,1,drama,smart_tv,False,7,2,0,17.0
36,premium,54.4,4,accion,consola,True,6,0,0,59.8
37,estandar_con_anuncios,45.7,2,documental,smart_tv,False,3,3,0,44.7
43,estandar_con_anuncios,46.9,1,drama,celular,False,14,0,1,2.8
11,basico,5.5,1,anime,smart_tv,True,1,0,0,5.9
24,estandar,31.8,3,accion,celular,True,1,0,0,27.0
7,estandar,12.1,2,reality,celular,False,4,1,0,11.9
42,basico,51.3,1,documental,celular,False,2,3,1,4.2
26,premium,62.4,5,kids,smart_tv,True,10,0,0,72.8
38,basico,33.4,1,kids,pc,True,5,0,0,41.2
34,basico,30.3,1,reality,tablet,False,5,0,0,32.1
17,basico,47.1,1,documental,celular,True,8,0,0,50.1
9,estandar_con_anuncios,36.9,2,comedia,celular,False,4,1,0,41.9
58,estandar,57.2,1,drama,pc,True,2,0,0,51.1
18,estandar_con_anuncios,26.4,2,documental,smart_tv,False,3,2,0,23.4
7,estandar,30.3,1,drama,consola,False,9,2,0,29.6
19,estandar_con_anuncios,31.1,2,comedia,smart_tv,False,0,0,0,24.0
54,premium,61.7,3,drama,pc,True,2,0,0,66.2
16,basico,23.5,1,accion,smart_tv,False,5,3,0,27.9
59,premium,44.6,5,drama,smart_tv,True,3,1,0,38.9
28,basico,44.3,2,documental,celular,True,0,1,0,47.8
51,estandar_con_anuncios,47.2,2,kids,celular,False,8,0,0,41.9
39,premium,37.0,2,reality,consola,False,2,0,0,30.2
3,estandar,31.3,2,comedia,tablet,False,4,1,0,42.9
31,estandar,42.8,2,accion,smart_tv,False,0,0,0,35.1
25,basico,34.4,2,accion,smart_tv,True,5,1,0,26.5
12,estandar,28.2,2,accion,smart_tv,True,6,1,0,29.3
33,premium,76.0,1,documental,celular,True,0,0,0,79.7
7,estandar,41.9,2,drama,celular,False,1,0,0,46.9
42,basico,36.5,1,anime,consola,True,1,0,0,49.6
49,estandar,65.5,3,drama,pc,False,22,2,1,4.7
